{"version":5,"hash":{"type":"Buffer","data":"KxSTIts54rdZuvceGlHZEVxn9pbAavErJEohAnU7Z54ITK0GsYK/YAbPlxrDu131fMiyxRNIpROZE5MV+AJkx2MING9TgXj5xwQYLLuzlmjSGRieNqrNv5C3mADoIuiyBjUBJjwVSrO1ox1ei5a0pza5uKeH72RauMnEPZ/9zWo="},"indexValueMap":{"hhNYrc0Gyqzbug8WpdRp6H2QL7SMr5Tebbp+2JT1kf4=":{"valueMac":{"type":"Buffer","data":"nzFU3Tl6MGQZwGSr8MGrKx4Dx7Q9aJTe6ZyTu6b+mU0="}},"X2GhCUUdxKFLuJkWugVUmud4rTKeuvvBiATGUYAdSjg=":{"valueMac":{"type":"Buffer","data":"lLWBgisvSWFIKVv5VXKSPbkmKepUZcXROsnpACD74ws="}},"MRNHPz14vPz8XqJI9Q/g2ZNtmfCH+zxfu6Dm5IlxK1w=":{"valueMac":{"type":"Buffer","data":"jiPF6fg6G2XBZ9InNq/B9GOnuR9vkKxHeeUBfi0qE70="}},"rzy5XH571TNmg8ymljtsuLygkUohp5aLgS4K9b0h4sM=":{"valueMac":{"type":"Buffer","data":"rFMDTe/IJco2AtYNkqlfST5KOnD+djyb7bdXMvBKrgU="}},"/wFF//Yh4EIghYnjR3OTv/IG+kgBsovYkPhGb1j6VHM=":{"valueMac":{"type":"Buffer","data":"M3ncBKYcAhj0L2z658wnHutPqoDVdevNMFRDVfUmWZU="}},"opDslY2/Yx58F/4WY9D2aBtjOBQux5P7IuU+plc4JGs=":{"valueMac":{"type":"Buffer","data":"7jnd4Mx/UWnMN7fSOM9FQM/cGRxkp/jpJn7M4VsBqKY="}},"uzvNrvRyuxrumE+s7OWiRv+WFIa/O1bN43gcP+bG3Kw=":{"valueMac":{"type":"Buffer","data":"8dzWzJjNnYEZD9ikCo3VolMwqMWWijoy6OUGLfvNZdw="}},"crjZXWn+LOMhKOajqfcJaj74QwuHMW7Rd8oUaMD0ulM=":{"valueMac":{"type":"Buffer","data":"NqixeHYwCyQCt7OPnDXyHfMP5sq1P1RQLIRS9wNCzo0="}},"YGHQRZeloORCMChDHlw8oOSElpyfmzGpF2Kq6YDLQmQ=":{"valueMac":{"type":"Buffer","data":"3cMRRij18Leow/gris+2mS/S6l7CLmeo45C1utPgnjI="}},"5bBtxO9If8DxExfUpb8/rwDeFSgsN6PAEU8gI5hZjeY=":{"valueMac":{"type":"Buffer","data":"Ep4o5C6wGMdvJ8RgnKbFdSZ3KCpjVsiC7EQmdQ7mVdg="}}}}