{"version":2,"hash":{"type":"Buffer","data":"LYufaF2G88Lu/8SHRRIpykAVwnDwOAEKQ9OTRk5WpYbHanlx1OoBBdaN6/NBJEzIhWRVitEnqoKEHW1HMjCvra0DygHu9y/E6PIOZyMlbKPOgB1ujo+YX4tDAlQ8kgWfgAxQncNkzHpR1ow73cDdAjnaVN5JpOqR3k/LfgwY7Es="},"indexValueMap":{"EJHNGXnREFUTAc7Obv/85Km0CyQLmFvCojevoYq3NxM=":{"valueMac":{"type":"Buffer","data":"B071jrGy/00JpAJ0Sh8rY0iYiO4JZ+nxJpNCMGum9yE="}},"mau4WqzxTGhtb/9C/e/ufQhHlCSRqNUf+Aml/NmzSeI=":{"valueMac":{"type":"Buffer","data":"nTk3GgulYBjIsCR0r/zZEawpls4yZXfHhsurskmup9M="}},"ZZBLxFfI3PHbOv3h/p6UuNCqOelcyJBkW+hcv58VRnI=":{"valueMac":{"type":"Buffer","data":"DPShN7OD8xsNPgb6orazEqLWBreZ0uscRl+PaucYujk="}},"bKJ6F4Is6/ZIi5oUl9cilBlTcS448o5lqxKv0Bsc7mg=":{"valueMac":{"type":"Buffer","data":"Cx8008hSRcjK+E0UN7ZxSQaHJ97A9tpZKpYYaFDJriQ="}},"xHNekGBGu+aeLNPu3RVWVxQ1gEMee+XQ5W8mhKyv810=":{"valueMac":{"type":"Buffer","data":"W2SL9XZHJ8pAAKxC1NpDLEi9dwU31/EAT6bVKT3dSkc="}},"E7TcXollGy4upYMmGIME4kwebnopQ1StCmQCzsixZcU=":{"valueMac":{"type":"Buffer","data":"ibZTcoYuqUrySFxof/5blPBWsTXP3jQOupXpFhqWXGw="}},"mSlHBMJjyniEIDf9HlPmvd9iYCa0sWjNjJjEFEcTEsY=":{"valueMac":{"type":"Buffer","data":"cI+z2566IBJfqG348yIyb5mY3rrx8LB8ZbUYh8l5uk0="}},"vCCfuYDBHXfIDhUYAClnZv8CPr5Doe6MPcr7Qh/jETE=":{"valueMac":{"type":"Buffer","data":"IMigIj6HZnRXFA6Nr72aBv/jf57ZHiUtAUuLC/LKNxc="}},"8CRPPgPQD/PpEB6WtP/TPtbYuunI8dxiO7CTha2nuR4=":{"valueMac":{"type":"Buffer","data":"GcLqafJ1RVxlfAcbF3Zcr4uLEgtfBRB0rjqDI+EKfEs="}},"XLL7M3W89kqh86yxjbntuwaPAt+edvdlBe8sKxsX3Is=":{"valueMac":{"type":"Buffer","data":"sVAdbIGOCYLrwtpZwR49edaVGuZlnyc7CfeVCOyaoAM="}},"CXkUEdyMHBiV6a8LRfPhef+/z8KPod3xyiChfIQ+RLA=":{"valueMac":{"type":"Buffer","data":"0513ner9Ri5ni4I3HW5D1srOKF/xy3yTP079r505vwQ="}},"YVoUfNhLZfDBTQCX4P0IdGp2sEk5ajrCYuEwoYmcY5U=":{"valueMac":{"type":"Buffer","data":"LYxK6IEdQu9PB7yX8XN6bvwI2mEdovercDerTKGusVg="}},"RlJeH/9hRQRh4BXGaHl4wuConWnwCOWIqGaeLDkMljI=":{"valueMac":{"type":"Buffer","data":"HKAJgfOF8udHuKxudHmJA8Qr6qaKLtDHYr6JPkPnh20="}},"vhBpXu9I+d5d2ACNSnUeici2LtH4z+OGYlsKaQvlWCY=":{"valueMac":{"type":"Buffer","data":"OMG1UeEErEJk8t4ti5Icb7N6dDOlJRwnLFfL+3BV3U4="}},"g6Vr6gaS93NrEvpb5s22rryBm14RuccAeRNskGa32rc=":{"valueMac":{"type":"Buffer","data":"4Oa9waXq9/u9yypCFvYBM52vFlsvM3tTdgwEaIQQ1g0="}},"B/kssRIR66GJYah65e9US3Oe+GdMdVmf1Nza+//UtwA=":{"valueMac":{"type":"Buffer","data":"FPNLOZvdxJLmcXtoX4+Dy/ks3qDn6sKGd8VoxHYphJE="}},"vGHQXSfTeIHuHW0wS0cwd64yKXbbwzzzy76Zgmsd8wU=":{"valueMac":{"type":"Buffer","data":"iJ1jbtTCCB/9EkBU1NxGYNlVO783feYm2BD5ERIVue8="}},"iDhOteK+MhyewmxM3xfhVh7jybcLvAcDvU53oziuDy0=":{"valueMac":{"type":"Buffer","data":"rrLmpY2rv9ZCoDBr9HAcGSt3iQI18GdDAjUvPoW5kjE="}},"Hd/TZ786oDuFjCvpZR2JMR0OOY7x6UkJEwnpNijCQTs=":{"valueMac":{"type":"Buffer","data":"u7c3w1AEe0sFHASm6x6TT9iH5U2xbGrxzowTQOd++Vk="}},"TcSe8xKrgCtOYutLIJaIGlR/dY9fEWNTkzuTiiBJoWw=":{"valueMac":{"type":"Buffer","data":"9u76ZwhMzQqqAJ9GjFxqizAvD7npCc5f0ujKyOeRshA="}},"Et8Ck9syN4sKsISXb9wNcvpwjv3CSyYfyMlpF871BrU=":{"valueMac":{"type":"Buffer","data":"6Yda3kUj64v67B890D/5XBUo6NqjJV08dPS5xMZ8wfY="}},"97QDDL39w7akl+txDWCVUfKUVk+FmYZHuxXSeLaYNR0=":{"valueMac":{"type":"Buffer","data":"yQpGGimvY9DvSy3RWT4Qa2CxsJcUZsXMbjygIQM1kCw="}},"Rk0l6JmfL3/4WtVq7clT5fS7h1k02ncjyvR1nFadKU4=":{"valueMac":{"type":"Buffer","data":"yNcvzsOrCx4uXPyPqD1gCxQHLAAy8o5DjprE2+TExQo="}},"dc21GycHeKudIWyFi+IJnZWurRhJXoGW/2UmhRw8aZU=":{"valueMac":{"type":"Buffer","data":"ICsJfUOt4PyYCfCLZGcO48/IBMPcNpqC+22eFQINU2o="}},"+3TaaNAY276Cvjwxp5Uo6lIazZhWtmLCeW04wGLx7iY=":{"valueMac":{"type":"Buffer","data":"laqkFdujbQ9X1kwus48+taf1zsXDn3LC5aBurv2+kGc="}},"N2SFvUG/akAg5WQ9OWpNo48k6mFjNZRL1IJDW8aKS7U=":{"valueMac":{"type":"Buffer","data":"pS2cl3OK51Swp0sCqHHnqVuS17j/682lJrYuGzJ9s4k="}},"ajom6sSz/AuhKYZtZm/8qoe6/e/hUQDpgAmuIc5RP7I=":{"valueMac":{"type":"Buffer","data":"qEI29KRvKP+G1PazGPMOEh33eNWtrgdsdWKJdf5JKgM="}},"Kr9CiZYHwOJ3eOaIWtWG8HFtipOvQducuTkxf0kFQis=":{"valueMac":{"type":"Buffer","data":"CQrZGHxdliJ9SWkc9jkCyL/N3q0PCHCdaaQ8ZQURjho="}},"hgHjtoe7sDdNpmOgDyTAgBIIj+rAZZePB+JaS53HnWk=":{"valueMac":{"type":"Buffer","data":"S0Sq+THDuikYi5x5VNs7RKH+Om5ii5jaklgXIJ6i8Gc="}},"wJjQCA1bp4tdKdJPqzqlKcw/HXztIE7NbkYDYduzNro=":{"valueMac":{"type":"Buffer","data":"MQrMMsjAppak3biCrm7JMQgILhHmkw9A5pSf1prG4qk="}},"IfIlWN91IcFIQJ/O+yexmh/N1p8SWFdL8E4gPga8AVY=":{"valueMac":{"type":"Buffer","data":"qQr/FOOudKe40Lw8wcvWzdWWSFSngobFHmzOVqhBOLU="}},"4HjMbNkcqQbUkiMEKmVPVwwZDLaCUmE7f2X47gFK3d8=":{"valueMac":{"type":"Buffer","data":"9xr/XPGx31gPWikpMwjCbP5EN2n0qPi+r0BUsYftbeE="}},"iVKvRvrUCmd1OKlOxkwCVVkn8JzG90Vy1X5IYcGsB/0=":{"valueMac":{"type":"Buffer","data":"hNoLYGAtY7/96ET7USQcK8r0wYScIlETfyksxSXidrQ="}},"DGMqRlbZP4hjiEVQ8D/qlSNf1t49ri4ryCpEO4Z3D38=":{"valueMac":{"type":"Buffer","data":"weGGHIeFDIvItg9p8JWLpdLozAVD3H3hYY3e6O3GNkc="}},"XUrku2/H/dosfAeCNsj78zZRsn17+nEq+pgiLN257R4=":{"valueMac":{"type":"Buffer","data":"3FaG7/35rA+s0iPN02YG6WWzBsZfV+V0TZmm8MrrTbA="}},"mjr45Fw3bep3GHUekzEUvxblvObFaj03IxlZWpIVcgs=":{"valueMac":{"type":"Buffer","data":"IxfH06CeP2g2JY5+uuxjr+rKUKAMNvJDI2mSt7HQopA="}},"ppm0+9CnRwk8ZYK61DTi+dFeSfxU/8IgSkK68PecU9I=":{"valueMac":{"type":"Buffer","data":"XpoDfqow+xVewoycg20WwqQXvk3X+9DHqxVOvPjpwE4="}},"au7cAGAh8f+qBQLL2IKiCdrCzHZ1lEUeOAqZgWZBu+0=":{"valueMac":{"type":"Buffer","data":"RiCfPkb1F4hpDn9KkOtR0+A8zMBBdSN0oRl66koQ0d8="}},"TrssSO9Buq0b29gaF5x41I7Uzz1VBeP8i6ou6zC5K4Y=":{"valueMac":{"type":"Buffer","data":"NlX4AJRKfGAsxI/JXlVO2OuBpV2KMnLub5Uhe18EVx4="}},"0947Rnj7OtktzpE9yFTJ86SQXXmc6XbDC0nM5UyBxjw=":{"valueMac":{"type":"Buffer","data":"Fx32TH189SEygxltKDHASD4R1Pfgq+WB1/pHpE4rVJw="}},"EIL5RM5KZxi82TObeE3aN28GLxH4TIbQw+uP8mqy0ng=":{"valueMac":{"type":"Buffer","data":"Q0ERn9VB1b25A3yi60eJOWzVsZON8VrLj1lfgFyKGgc="}},"9ZHzhT2FOsWRmcwXMQLjc4WA4Xm3d8NaFJZ89qtqPOs=":{"valueMac":{"type":"Buffer","data":"9/BaxU5fn5oQIv1yxMjI93DXYidmZUFZ9JgkPmDXABo="}},"Cn3kB8wZ0C3ThnnZf/Y3cZsOp8U8WER+G356kuNTDqs=":{"valueMac":{"type":"Buffer","data":"cC9s4tmZvt5Zvcv0O/kC8Gtw1uebR0KocdctIm2w4lU="}},"g4w458tkG6fRWqsZMkAybbexYwhf5gnFjF96ztpV3uI=":{"valueMac":{"type":"Buffer","data":"3sUJIfdiVzWLrnn2ovYtcqwRelY8Fm2XknpKvkvHOrM="}},"qX+Bmg/hlixZuloGjm1ArMYhs0X/tTXF0PYgpbX83ao=":{"valueMac":{"type":"Buffer","data":"XHNJk9AU7JEDke5rKmmExx4vGnGbm1lTycyqJwk+hds="}},"KwmTDXf06OVd7uzMP5/XVOlkZqDzAuJXqEOfrhqvARc=":{"valueMac":{"type":"Buffer","data":"2fPZs/ziUELPWj5sSFeMYffsqXuM25NnuxxWwerRXIw="}},"iFLvJNWv57IbM4MlSYj35Eyt/aPzmpo0Lv4Ed8pcjaY=":{"valueMac":{"type":"Buffer","data":"slex/7GU9T8DW8FoneYwnUaaW8l1KwtTWGQERx0JylI="}},"mKvZ8C1K+G0bB9QTm6k7nqsyhbG26cfOXMxLcjGlvIw=":{"valueMac":{"type":"Buffer","data":"7RS7b9vRaArQBiY2otVcJPnP1bOfCR6N64ZcCr3uOkQ="}},"3nWY9LqVl9Wzx2aXppGb9S8PAlYb1k7KaPOE18mho9c=":{"valueMac":{"type":"Buffer","data":"6oZhg1OIufWzOv1/EJSnKvjkDTjzfpad8I1k7Zg5/hQ="}},"SpQ46Ets7Mefbb2uJEmooeQhHiBJGUdxNgawaVHiu+U=":{"valueMac":{"type":"Buffer","data":"9JtmL1G7WellzXih8ns9Jk7nGgsrG+fC+3pM7Qzfl9s="}},"NvwoFs9VPElJzrgczM1PooCO2y0FAnxEpAhzq59zrHw=":{"valueMac":{"type":"Buffer","data":"7FdAmt0oweS+GNUjo4BseMtoAj/yxoC6wd2RN1zlNUs="}},"Od93MHozD3DL0U8xTqMum30tanSLJEVW5k3t93mGTTg=":{"valueMac":{"type":"Buffer","data":"NLASGSMRpjvD9i1veN38YYvAGq9U3YufW24EozYh7zo="}},"TOg9nGbeBRPc7L1nsQ/UQph/lw4dzFxLMggbo1FcbEs=":{"valueMac":{"type":"Buffer","data":"MTd6NNlK7iW+lHhuqTnxYWEsOhAM4HHA2mDUh+zCmxY="}},"O0ikE9U87/IAk9rZfHNTgQYB7qBs/BnYQLFsEKe8YFg=":{"valueMac":{"type":"Buffer","data":"VrD7afzK8VR753Do5UIvxzvrHpd5FKp+0qSCx6St4zs="}},"0ebzlUUNJKfDYNteqG4S3zVJfZmh+nSUclA0CkCS/PY=":{"valueMac":{"type":"Buffer","data":"RaXQ8weqXYn38HIWdFx2/iA7YcwZSRHEhV3A6ytDbsM="}},"cYKkb6QjSeHiF643ab78FZs5Eq9DTijDXA656LZ7VEk=":{"valueMac":{"type":"Buffer","data":"eDmIOP9VIq1YsFBxEeCvPiIOAAHpKVt/wjriSXC8V9k="}},"/3EzmKD97Nv1d1levBmLhqYP0kmXVWzC0dHIl1KHz/0=":{"valueMac":{"type":"Buffer","data":"I/h5RJ7kaVShZdJZQysfIvPPyG4tSB5ms0ansSTC1/4="}},"EGnkPtnspe990aCJrUf45OBvzmvuD6BQs6Onyex8t/s=":{"valueMac":{"type":"Buffer","data":"FUlP/LTMCCLLglsH9BV8ba4rAfaNsOBebYyQ2q6ZoCY="}},"4AidIK+US6yTBZI9CGksvoIcEVN4If1t8sU5I5Ez9RA=":{"valueMac":{"type":"Buffer","data":"XCSkDbsNzI979T2f8aE0yo7UBCgEj1Z223xmiWjf4bs="}},"heRhMKuFwP/qyDOzfFPi7udUS/bIjw0U96md/Odn0Lo=":{"valueMac":{"type":"Buffer","data":"+1RQH9KJ/UeJqaDDxDX8wwaFAj3yH2uvlDHwWp9tjqI="}},"a0YQku6mIycyXfcLoycG29vSsOW90W7ORUrgkJQvY0o=":{"valueMac":{"type":"Buffer","data":"kc/XxnjpBW53+QqzsqPBsJEBXC1w58U6j2GxEQgR2ss="}},"LE75D1Hv1suys1WyHpa7CnuC6oAobMRedU3H3zKogBo=":{"valueMac":{"type":"Buffer","data":"9I4szx1hgFuVpTY3/QWzYDLGUUy68HZjXseouJodhMo="}},"IVpol0wbyhLh+eWorgjAgyZqc+jj8OyJsRZHJMGEqfg=":{"valueMac":{"type":"Buffer","data":"awYBWPumPPVWfrXMzL+jyjgyPKWlUiWTvGa0Ms1JFjk="}},"3fsPyxI/P0/hV4S4wJ55jJToQIuxA5/na55Doy46s1I=":{"valueMac":{"type":"Buffer","data":"EJQ35YNk2hkkiJFbjQJ+RJ+DlvnfTDjCHzFV7mbrn4w="}},"YZaIjKOvfkk5d0TLuAYkgx+Xn31JxOwEj6JDj9j25HQ=":{"valueMac":{"type":"Buffer","data":"XtfHYesK4tZcHP2QRV5nKKJgs/SojiqmtHMH1IHI7Ec="}},"hHyhQtumfwuOQzRhcIsUJ8i23y/V6iz+UiB61OGj3w4=":{"valueMac":{"type":"Buffer","data":"HJVzsDFgVOUS23TzvoV+CdGTveLy6c4eAAKAXFxFWjA="}},"BthUCmIU3bwyy6lGfOuXpJDxCYLPmxFLhhyX0kyCM8s=":{"valueMac":{"type":"Buffer","data":"VOvPiCdCLQ3wOE3J2iB6ivODY7AmlK7ntpzgbEfaz4g="}},"F5HB7+rhAykWIKYz8Qo/ELbDvgKk0l7IVcuwXtZAoHY=":{"valueMac":{"type":"Buffer","data":"yJwjJl0Im8b4zauCo8STVLfmEFaa5W/3+FVNfQ570rQ="}},"SyJWmigvHS/FHcEopRvWEM1UJtit/oQNqeP9OY9E6fc=":{"valueMac":{"type":"Buffer","data":"2CB5gVEqjCVO8/xqUlHtzgU1feG0RBZovAFWT1uys/s="}},"xEqNJnC+0Fjv2mo9NNtzYIuq89nLt5o2Jb82M5IjmY8=":{"valueMac":{"type":"Buffer","data":"1rWhI4HUJdOA/VEWyKOJ5uouT6k6YSsctRH1HckgmwA="}},"oGYGOOQRgNxcfUEq0P48WAOY6+vjr5tT2vynFlc2hUE=":{"valueMac":{"type":"Buffer","data":"EOBbJUUZcQ06XNvuNcy0QCmb9HdpKIdasU3yqo9h0sM="}},"huaZRIxB8OQtNoDb1XzyaEmwhcE9c48r4gYLkesA0G4=":{"valueMac":{"type":"Buffer","data":"0SJhBKDiVDuS9MVFtWfi+irHCGGr+ftXResN6JjOuzU="}},"Ubw+PqhnMO7O+E4Yq6oSQHPyPLvtSaT3NkJ9Sdyn/JY=":{"valueMac":{"type":"Buffer","data":"GBTTsdZP9lqKaT6j7OEKcURwezMSb/Vc7fIhMuHUxpA="}},"OYqeUsRdd72HKKevEGTVDpyLF3ZZonLGGXGnogVd2kg=":{"valueMac":{"type":"Buffer","data":"KH0P8Mm+COYg1MuPhhcaZdPAg1QzScR7an/VxmM5Ilw="}},"yPLnIEE6kT0z2PgY1qvV1LBmWkwoTNq2KsbtS+XHX74=":{"valueMac":{"type":"Buffer","data":"rUmk4OmMGN1HSyZDPp0fpAC1kWP35Fmzc8mup4yzboQ="}},"vyAGcybrHkF2WIcu5n9XWcBfqDj8918WBuT6gSEJpV4=":{"valueMac":{"type":"Buffer","data":"OBy4tFdvwRr+T17M8fjVgc326VkQ79pXwUD0fhdBdqc="}},"oKUwKgwF86TFpljAM7E+VB/2UkOMjIzcr/Kif/GWZ7o=":{"valueMac":{"type":"Buffer","data":"1CjFdjC5METUMHXdzZMPaT90YrqLsBwCdR+Op30jXLw="}},"XLRIVJxIUfPTJ2igMc37KcSepLI5PeLT8aYrwUA9SVY=":{"valueMac":{"type":"Buffer","data":"DFO54wU5G68M0Mu5nnpIEyqH9Xk9f+TCRgMAKJQ4fRI="}},"oK/J7dnb9zTGrOu/fXzwoQK7kRoYKR/HMDp2wtZi6IY=":{"valueMac":{"type":"Buffer","data":"ax3NNP/Y2uQgduqlCESgEwCeOIsOOZFlehBg6IUZlww="}},"lDuYyQAvkl4AaKxUmnQFkrw1bmTxUZ8BcsplsHIcWmk=":{"valueMac":{"type":"Buffer","data":"ahQqeqhNRI5m87ebExGKE9HGxxo6dmg0xZYK5ohY570="}},"gvsiH5SKM6MGj/WyI++eEYyjmjz8K1u+Zsjf6XJV6Tg=":{"valueMac":{"type":"Buffer","data":"DiKy6U4zignNp06kRmb1+mqZPO5RwECpT8mtqb/SJ1A="}},"vakk4GIzLJEdIvXjca1XtX0qLxTGCXCv12oCvg2vCzA=":{"valueMac":{"type":"Buffer","data":"qB0oA3B9sqggxh0kSq9NR2JY5uGdHzfVguN4CwEdVxw="}},"dtzW9DX2RJuOI65Uugls3urvp3LOyov+kpfh9FXcdlo=":{"valueMac":{"type":"Buffer","data":"n1bap4Q+nPLcrMUDmOEq3V/Y0gjrrnyCXgHVQpuIXNE="}},"SzVMcI1RCpgylZObh2RXo5Bhz5FfnxhhlZuCIXpehdk=":{"valueMac":{"type":"Buffer","data":"nTJGDTxdaizkoJl0K4h5osdJHl7X+F/pW+b0mvv/iaQ="}},"8y1KTmrdULLi/cfCy0vi49iSOJn4vs15UPdcoKq25fc=":{"valueMac":{"type":"Buffer","data":"6nZoUNDeYXDG/7ZLS4lWTzaLKPha/s08jN8bS/0l55k="}},"w4KzAt5kJxjqbvX489N7PyJ+vHAnhsvtcxZO96yG/UI=":{"valueMac":{"type":"Buffer","data":"MvHHxnJJ6COO/K4ypYFhZ+G0UskyCH7FSl4rBEhjDxk="}},"FPc9BD95zlR0Z6F96qH9dBRMjL66iFmpboatday9op8=":{"valueMac":{"type":"Buffer","data":"LiHF0ypTDCKLKWSVBwEcPtQIiekNIABXSHKTZB8YEn0="}},"oXUMXiwcYWCWlXOpT4dNe8xuLjgsIMs4ZLCjAIhu8fs=":{"valueMac":{"type":"Buffer","data":"IyPLnwkL2nIjhRb7eOq/ILMi6LjijjeDc63euFlr7Hc="}},"vWne91U6L5360JlvR7uH8q/ZdSeST6C3uOO1ksLSpYU=":{"valueMac":{"type":"Buffer","data":"JlSOKNeZiM5x8lRAPByBVJsVbv5QBlJou2YIq920Xe4="}},"M9xNbaQqc/C53SPcDxIbd499KX+RDqf7ic5nE9mT8jU=":{"valueMac":{"type":"Buffer","data":"hzTz7w6Gcg36e4dEZPTEtHoEsNP5ny8pMnhnQDRX5X4="}},"8UGYvTDSmOQr896VNWDfex12y/bRdAl2fz8eBVOEiVM=":{"valueMac":{"type":"Buffer","data":"mK5Xn7VT+r49YX+azCWi5XHvnRrdcqtJFlx5Ucozp9k="}},"jmSv3L/MZ3N+phmAShVPvt/rj8OY/TNtRtWj1O7ol04=":{"valueMac":{"type":"Buffer","data":"LAQEBqpliulrn5cciromuHsdTg2CYRd53TynLl8TJts="}},"IMDSkEiczTgdNLTPh8hCjIIqyJlQmUU6GQNVvzolNy8=":{"valueMac":{"type":"Buffer","data":"ee5IiP/arybjZBCPY7PUhw0AqsoYabdpU+SQBYHyeSo="}},"0i40irUdgKdhPvS92oR1EdvRUeyNm+6dlrBp4k+hp6g=":{"valueMac":{"type":"Buffer","data":"mZ5MOd0TD6XZ/z5nXVlmRnl2mmKmShWu3XDLkgqT8g8="}},"lIbLk866UApmc9EDSFlTRvG743iBbtMNi/4DPFsOP8E=":{"valueMac":{"type":"Buffer","data":"Ho8BlQkAdBLvumwH8OudxJi90MIDNNEXX31ZgBL5w6g="}},"Iggd1M5yGfBeMHHUiASNRzF/jX8ufWt2yOry8Sawy/g=":{"valueMac":{"type":"Buffer","data":"y2JkDuq7JdY7acV1OOCg2jOSCq6ZnC//cpJBrU5y8Ew="}},"p4tAU7F1Bk5iG/HJMJO+0opuL8azriYeZa6REpgzjRg=":{"valueMac":{"type":"Buffer","data":"T5i15VoKHYsnQnyBVtdUl1N0mrKqT6cAVKkKQZ+wbs4="}},"L5h9NAXMjPVqkm+oNuVqpqLLBryj0qwBnWJ7F9LZDMk=":{"valueMac":{"type":"Buffer","data":"0Gj9oRgGErXK96Zb/TwdWf+7yCiwp/a20ckwt1Ubs0I="}},"4JpHc3uW3NWZG9VKD8WnMT8KAUNx1p/xT86gVv4E4VA=":{"valueMac":{"type":"Buffer","data":"etfUk09KMKmcAzKlshNZOdsOAjtDv72+/PLrmGQ0+oI="}},"/85gSSjf4pq/PgsQ2ve2zTqEM2s8DH3FFVXJ/PZ+cbI=":{"valueMac":{"type":"Buffer","data":"s6GdvpYmoAskHEZQF7Qk+2pOEDozluQMSmznxpcxuxU="}},"r3a6XjgtvaznlLZmCR9G9FUd0okdXfO3uRgykp6MSD0=":{"valueMac":{"type":"Buffer","data":"ZlFAEsuD+AzlsV+BTRtxAl+zpGKtxkl6+biLPi0Wq5I="}},"7GZ0CRKknUePBrQHPBUNn2+GMbR349TzeTNtiLuYMjU=":{"valueMac":{"type":"Buffer","data":"9Bv0+ugAMLaPLk8XgNYE52Bo1MOxUlfjINDxoB772bE="}},"/nsGsBU0QMhmOl/3ae4nSPkh1q+ZVOBJJbBRDr7RXNM=":{"valueMac":{"type":"Buffer","data":"wOqiHEBzUpN15bojwybYOKQjnpJ4iY4pNoZZa6icmV8="}},"mBtwJeKda1V5wFtuN1N76SVwUwVlDXxK0Z5yhR5eOCY=":{"valueMac":{"type":"Buffer","data":"dP0sPz8NJ4XFBYpu+R4g6MNpg6QkQM9+Rc5dIKbHQBE="}},"ElnpkObXEXZTdoDu5P6eYO6ZE505yutkV7DXKzkfM+Y=":{"valueMac":{"type":"Buffer","data":"gNiNTZgOkYb4RPLzGTeO8VcDxaNQ8ZIuDn9XfHQarB8="}},"AFBjTT0JNW+stgpFS1Xo0bZcZVG0q7BiKWM/050Bz5Q=":{"valueMac":{"type":"Buffer","data":"pPGtzl1Bg3v7qcRVAd0ZMwbYBp3mQgbySFUKUQuczkc="}},"+RvcouwbylT3ypETyEf2e0loedtSZvW2fmsR0qPN02U=":{"valueMac":{"type":"Buffer","data":"0XEwX4tz90199k5Q4lclMztqHTIQaRK48hM+nxaQQVY="}},"yazA/hwuaX/jhIxs74LoGg+SlP+bmAzbDhYY5ndyBog=":{"valueMac":{"type":"Buffer","data":"sE85tC+bezFSAjbv5XTHHd5LuHP1EE860MQlusYLDaM="}},"W4GtAGxIHJU9G//RanT0GjFXDUvp6u4n9HbUKs9uFNw=":{"valueMac":{"type":"Buffer","data":"9sR6gm6nT/WBMqrZWji/ntmE6Ep/qAZu8NrbXjn0C6o="}},"57HCBfrKPWjJwhmRw3QV/yrtxiyauAsSJXQMWZGvMuk=":{"valueMac":{"type":"Buffer","data":"5CtIdknAIKNjLfUp7Tu4LBSMByLgfg00xxKnZgzawnA="}},"HOzGiGS7vLZrcplrslcQoSDbwHZhao4vzmzmrLB+eSs=":{"valueMac":{"type":"Buffer","data":"+Hlhq/QOwjq3TKbk0JfboZuhK36rmblZMgK0o8qfqMo="}},"pXs4Lq3bf63SypgRuAgI/sax0N7qRpah8/moVQ2ixNQ=":{"valueMac":{"type":"Buffer","data":"4nZGGtaAb6FI4CgV97bCc4zZFIOj1xNr8xjtkXRALCw="}},"MttB8YDlEVeO+vmwPBST065Rr/AAXGea1yB4YfZQMPE=":{"valueMac":{"type":"Buffer","data":"RHN61RQuth7EhEcBvvfjepOAmXuV4uAxV0I2sr6OfjQ="}},"qkIg4SJG/mhxj0rCjKuSL+N1LhLx9sQB7dIUURO3Jis=":{"valueMac":{"type":"Buffer","data":"OJxvQU1pRVgpn7ylFJbhwHMgl6dhsjwcYoW8iAvWhBs="}},"gV0GwyNF6+OBKzDRtA/cGMI+yHBOyv65QuUHfj3CrXY=":{"valueMac":{"type":"Buffer","data":"lyE/PrZYNDzYV0oDZp2Xj+wWpnxODhK2NU+WJLar9zo="}},"2vCv40gNwygGL+qiYKDyxTFr+kOi1JxlneCAQPgC2JU=":{"valueMac":{"type":"Buffer","data":"fwwQqjkFLCPXmF9bu90AH3RYSckBqp0UK8xCjtnkisk="}},"1KmXN2C5U/D3UrWb/jvE/3BebgS3YSFAoNr4j336HM8=":{"valueMac":{"type":"Buffer","data":"BoCXVyDIRY0VcadJcCSjdQufdnHE47HGbNU0wlJaSik="}},"0QRGTIAa19h44yjVeDzn10kvl/Nnr80X6BpIuVtofD8=":{"valueMac":{"type":"Buffer","data":"hmTrfZED446UhIAFzz8T0wq4WJS6sKXDMVutubmHmnE="}},"Ev8iL2mShioYvDTKn1WPrNBRx+dWHm1A5Nw0V8rzmv8=":{"valueMac":{"type":"Buffer","data":"IEo/yAsz/lqIACwfJCGGmH0PwFrO9I9SwSzeSq4j0Ow="}},"73kkpakYdfqQ0Pn4LswxmmrmdapEkJdmgBo1zduLqAM=":{"valueMac":{"type":"Buffer","data":"WKSeltHJtJhOqDyk4rxV+Hngk0VkbejfvYQCzVuJtzc="}},"HgDMNOwrx6iU2CNicxvAOAkKkCrU7p3kqwUfWxmzDts=":{"valueMac":{"type":"Buffer","data":"NqHtXiHycx5El02M32x7nqILccXdB8ZxwlKxiRdozpQ="}},"tfQKMeC2OIk1XqR5uieK5GPZK4/8zCkN5nCXTXnxeKc=":{"valueMac":{"type":"Buffer","data":"5QbuKPNKoRB0Uw/0j7p1Vjzu6SX++Kv0h+b6ncu7E+s="}},"3o+wc+to/Smi/H/XHe1UfohKBlIBLrFgbMUwktBPhbU=":{"valueMac":{"type":"Buffer","data":"gxdUqVBOLvTBUxw9zBqZjVREBFTa8QIYgvtp1yEdleA="}},"yZi+LODoALxnkStd3Z76Tfabv02BMif+KXkSA9Qjrfk=":{"valueMac":{"type":"Buffer","data":"qJxyyboikVz5rYKQYaTjailiKjhQNyZu1AkgK+D08b4="}},"KYZmrkche17t7EbOSMIpRGSsvxVAJ0cxf1m0u7Ka9Dc=":{"valueMac":{"type":"Buffer","data":"1IHIm1QrFSw7GbYdM4XmtTW1vzJYmfVQWymzywQK5Bc="}},"iLmye9cB9ZuxYGIPAifqMpyyWT1wGPCsE8d216pubVM=":{"valueMac":{"type":"Buffer","data":"ks6Qh1C868VKi8vcB1570cFJMTuNpGM49UPfZBNTRbE="}},"kEEQdbY/zjYgJGAHEi6n6dpa+hJG+wLyrG2gKQSYrcE=":{"valueMac":{"type":"Buffer","data":"D3Moq8xS9ePORAhbI9IBGk2Y1tTKPwix6MSgPjNyalw="}},"3dfyOZcBkwcQRe9l6CfBabHwEj4aggBePN9BHkZIxZU=":{"valueMac":{"type":"Buffer","data":"/KHF/8/XO6fN4+pctczJIQNsfxfwqr+oXi159YRJeJc="}},"6Tt7o2HVZh++nq8nPdW7qsViRXrtCxF+d3BAMHRytHQ=":{"valueMac":{"type":"Buffer","data":"rWuyrhM7m3ObMvte16ourSq8azHwVkM6P7dT7IyEt4U="}},"/tAjoT3/X5Qv1wyV5rHLQomZ+3sUWAW6vV+0hPwCV8A=":{"valueMac":{"type":"Buffer","data":"Vhyce0cQ9qZC5F6F4Bk2lvcWvB9GFH2fQ6YP/pFB2zI="}},"0oOHvulAzljhUZTgUUS71JLD7QjTrGweqKLuNGbZYp8=":{"valueMac":{"type":"Buffer","data":"oMSKDTSZIECBt+WHYkcrjyJG8mfomZHTJIOqEt0BY6k="}},"E/ggjWxGTudzU217R7rOeLIh4pFHA30MkVeQ2HYhypU=":{"valueMac":{"type":"Buffer","data":"DwTBOgYxxKPw10FeTgvUqup5uDFY1xRe7BMG+lf3xvE="}},"x7c29R5BQmc6w71B3QvIc+hKDpXmxIPum7V1TYRNCRc=":{"valueMac":{"type":"Buffer","data":"TkTjub0WQtBm/fJwLM9dp6y2riG3CHsBtMn7P5FKbXY="}},"zbYbHiCbNM8HT/cexjl/f/qAtpkwIEQznBMbVXcN3hs=":{"valueMac":{"type":"Buffer","data":"zCzz65Fb6wJ6h7SLK1ymUAgSBXRSO4CfBbfd5wC/JOA="}},"Ct0K2MhvUcW38niwTXxHBm8RUG0+yLs1mmGl2pg6KqI=":{"valueMac":{"type":"Buffer","data":"m4pz1sAgWSTBnNx/FUIZL3g4H9MH1wfzo8fReH2KrvY="}},"PO1IUGEIBsEOcdMTIRj1XtoyukOFd++MI1GvTJzG6Bo=":{"valueMac":{"type":"Buffer","data":"v9yRicRM6uEn57IHbsPE/j02gbsoC2znAknehuukc6I="}},"IReIqnw0ZnTDZt6chdUiUwlc28aiWtS1bfBNo72f7DI=":{"valueMac":{"type":"Buffer","data":"/PVL8vjAlPNyrtEjLmVfkxIVjN8699SAAHwh2k4oPCU="}},"Z6gIo9whVCXkw3NTgXmMeK2JiCi8gtrUP3lYeOkswqg=":{"valueMac":{"type":"Buffer","data":"15yFeaFXg1mC8cGxYTS268HyyMKcc0gc/40OmSH8wc4="}},"S28oY/GzXTLe9sfpoQqWCqsz4xkKRfKyzjpFCC0Yiqw=":{"valueMac":{"type":"Buffer","data":"PH2idkSPce8/3dl66wLjnx6JBer36pRg5oNMDKpve/g="}},"Eqkl8+3mkhSTSb0YrXU1Vwgxy6eWnWEX+6NiCLe45RM=":{"valueMac":{"type":"Buffer","data":"VgUI83anC6sS06U1PMO62fxeVv+3Q0MWdq5XuILfEGk="}},"Ph9VJR6CVbA7vqPAzMdy7IYGZZFs0VNf+1UMZXvXNP4=":{"valueMac":{"type":"Buffer","data":"08ME5RvslCR8/wiJLaRKkJVvDRXJ8FPq23IeW5gLOX0="}},"xeRPqkfCUGs2SW6n5DPrXAym25uwJ4OcVOyYD14xkRc=":{"valueMac":{"type":"Buffer","data":"JFEES7lCwL7oGR23Zm6biZRjna0vyvWPV4gnur78rNU="}},"4fjex03gwZofp+GzjzOJIKdG5bt94QfntbjV7Y2tRyA=":{"valueMac":{"type":"Buffer","data":"zSl6DprPx1f6v+6FX2APrFfEGR4og/Ufn5A5zSclXGQ="}},"EcbamK4XodDqGYlXth6gSEB4POsVs/qJQ9AiFCDzsyY=":{"valueMac":{"type":"Buffer","data":"UoG9MZjxnljavtcgR+zOHeFLcv8tie01UXns8CmXrdo="}},"9mF+7Zu4v7y1n/Y2SdggJj1A2ZC2qvLit76x4lG/QvA=":{"valueMac":{"type":"Buffer","data":"mtvrxuwGSPumdbImcglSW0n1By8zubKsHyzUPO6dM0s="}},"uFKArN4pZaUfNKk5nOsk31w5VO3aCPIa0D8qclwNQf8=":{"valueMac":{"type":"Buffer","data":"/Fkz1Tu46irSDHMxcbrFWK/h/Yh1gZrXKq9HN5c7md4="}},"9QrOR7XmqHGdcUCLnJJ9yjQiH8lVRfILb07Sig4mXEo=":{"valueMac":{"type":"Buffer","data":"Hj0pQADlK2mIuKn5myhJoEN22VALgKnT8lttE7NmNqA="}},"rgV3zD9dow16liDe2M/yUhgeJCXXUvszoSFUTdBS5ps=":{"valueMac":{"type":"Buffer","data":"ebsqIhuZGpBRFZIfY9GDLGAf0h/2XrGiY0PRb5KuRQw="}},"HL3hTB4g3NcGv/R7S63nJn86rVgpaM951V0sj/6PYwc=":{"valueMac":{"type":"Buffer","data":"uqC0m5rdLhIVWnmyYdDg1DYRX0Y2c0Hjch/U+V+Nk7Y="}},"/np41ek/Q1YiFg1492ld5C60hwP147OGuqv7pbFuY0M=":{"valueMac":{"type":"Buffer","data":"kG8e8tFuPiD4kWOI8eKKrG6Xwnsc9QM2VQaeyFEK0UU="}},"S2c4UifXVyQttUiRONzNvPyhtnjLi+kMcvQGhfdX52Q=":{"valueMac":{"type":"Buffer","data":"GQLcyKUFxfqeIGi8aejbFHlSYwMrzeo65ixRentqroE="}},"fpErBcwa2MsyvFiyks0XoW/9Z6dT0g+AIcCm+sQvBoI=":{"valueMac":{"type":"Buffer","data":"w0uPE5VntDaOpYvp0XhfGTLmjY6kRo/x9IcofPoEGfs="}},"3coyhxZ3ALUNXuTQ3dFaTQOfhKAOZ5VLYA/WlOabexE=":{"valueMac":{"type":"Buffer","data":"nCanwPlpBy6tMNlhmxjKjs0zXCt7GHccJwtMUtUigDo="}},"oAQ2QHmUs/ct3pE0BfM3GWAFAtPdxWp+SdO0rtnBYkU=":{"valueMac":{"type":"Buffer","data":"LNDPEeCXIk+ghNV3i+VtADScvaUkjQ+G7iv5fLLjCi4="}},"tliec+YPvPng21+6ZbONgkfI/EcKIxrpg1SodzXz+vU=":{"valueMac":{"type":"Buffer","data":"/rR4mtg3ggnTT6j0Ys8zbsLwDWrTNAHHrT4OwYGS7n0="}},"6M9D+h0ZBMxEOB98HCihyq9pFjp+BvDW6A2vGGSf9OU=":{"valueMac":{"type":"Buffer","data":"1h/IaqtONJZZVNuKGdq546SXF5G8Z8AWOrFF7N6pCts="}},"1ZtBNz2HF+A5wcfTlGu7PmEzBMt+JnE0jWeVLqqIMD0=":{"valueMac":{"type":"Buffer","data":"3HPZ6O6JR5jFbyQ0YL8Ng/70SSQp/aHMTm+5Ld653Jw="}},"l7XLkzGksmQzqSZoroLQEtMJw9FiAUj8LYvjZhmM8T4=":{"valueMac":{"type":"Buffer","data":"elBcQf7+omScib2OJP3UVouy7PYyRr5DAbdqesrVKNE="}},"yC9mJ+yhYgu80yFmLMRvAyf0shqbxdu593NjfHlBKqs=":{"valueMac":{"type":"Buffer","data":"2TgGz+LCNl8PRtp5UiFbp4ylsTnbxxewMgITECMcB5A="}},"4JXz4/V7u1ukqOeRk9MRBhfnjnEhkkj7MVB3MRyH+IU=":{"valueMac":{"type":"Buffer","data":"sf1Akckxjw9Wze9+5jdBQWoSnFVDoKbsDmJdhAFObM0="}},"6AacNWhDauPskEeR5DMokErgScJGHus30Mu8cE9r8Ns=":{"valueMac":{"type":"Buffer","data":"s+NuRoYaBMda7GEM1ZegqaUccUVr7X24djfHEf+/zzQ="}},"Q/F1S1eqJUye4iUi65fmreP+fND2frzcMi4j+npGxXA=":{"valueMac":{"type":"Buffer","data":"OENmiG1hAbgxtdSE670/IG7MsUVOYxlGFbiqf22QPV0="}},"iG7gqejaxPcgSpclU0czLgjmxE4FfvO2wMKPdUABpTo=":{"valueMac":{"type":"Buffer","data":"qIrwTNaar1laxtqiFl13TRVvCWq7e5boVVOwyiNnuww="}},"ZfXjoFCSarvCyIj1jDGJgqpUhpnzCH0HyA0id99hTBk=":{"valueMac":{"type":"Buffer","data":"nzD12kQYDMh4M4ZrJ/OAYOt3V695PAtRS7ZKBtP2pX4="}},"OiasdFFO7fGBXD84xiyEqhFOKeeBU5a29lizPwdPlqw=":{"valueMac":{"type":"Buffer","data":"rDk35MiW7nCj5+10Vc4Kb8qi6Xqf5ItZi/hshhILadU="}},"fqqDeU2UuwIH9AmPMhhxnlUQ8pMupH0F3nB94+oB/EY=":{"valueMac":{"type":"Buffer","data":"Ap+5XX5L50wOQ4yvs4c/NCyft35egnKRTyWhCBZzK2E="}},"ksA4U7Z6k8c7f/NqewxitvFVGogzzm6FJDQ7+/Tks7c=":{"valueMac":{"type":"Buffer","data":"Fz4vt0TMcEMUrWyXWIVeWM9AZpFFZe9EJ6n3TsH76Uo="}},"n8DkfITIVTWE4f3FkIvukhGKWeTnqIwCFWXalrGew6o=":{"valueMac":{"type":"Buffer","data":"yDfioz+bFRAFgHJpsTc++9RcPatx/1U5Mqwd3g/irxI="}},"tUj2bSN2V78PXcP92Vut6VTm/jz16SYIzesEjvEm0/o=":{"valueMac":{"type":"Buffer","data":"08Lo+ghXeDvjY7uq5o81W8bq9wi39QHjwiUZeLr641Q="}},"MllSJGMub4z2Bekj6z36rQd/fnTmKQHqdL99K8XLvqw=":{"valueMac":{"type":"Buffer","data":"wagH/3HdDrwFm3CDsz0fVvkyvfGmeJ1gnLT9WpC3U9M="}},"xRUrcPKUjvQagQUuqyAEty/3keohWnU+dUGyD5w9OsI=":{"valueMac":{"type":"Buffer","data":"8aIIm+Vbvmkzbx+gDeVqtYN82sY25/zMBye5l1b9irY="}},"+y4B9osGo4rxhe3UZcjpl9zagZTrWvYh4j+Yi4l8vPQ=":{"valueMac":{"type":"Buffer","data":"l6ssm2EaM0hS+8EDH6kHMpRgSq55RmXCzmv1+NPR3S0="}},"pStgBpGkIqavvWdIAxN8NkmpTXP2LJfQTZE6wZzVavs=":{"valueMac":{"type":"Buffer","data":"Wf8//4UK9GU2dWDiyWutEM2Zu56FDCZzEsaMumuFnBg="}},"TcVu9PAnw98ICNCJG60KAGNmQwIjZCjW+Wo86Q8O4Ls=":{"valueMac":{"type":"Buffer","data":"imj3M7sBuvaFSlOJMmOxUkwqOX0OgWKL4NnBzdtrHYI="}},"Ryiq7MrptmeSZYPUMreW/viPwi6Nq1lQDFIRuXcUXJY=":{"valueMac":{"type":"Buffer","data":"gtX+U+P0LVYnmFVwxbPLo0Lh/MgAZ6luQ19AIwtcNFw="}},"LgYfYwtfAtj5lUt2Fp9rmph8Wd/lxOeUPGpNkAcZaKE=":{"valueMac":{"type":"Buffer","data":"dymFcmswJk2RrqdHw+eS5VLV/o6hb+V1/tEe7cjC/OU="}},"TNbonxhUKBnARXeGFspLVQrUbieERnaMin+67Sg6UPc=":{"valueMac":{"type":"Buffer","data":"BWqeMUWHNh5Ori9MTgxLhjmIRu1QIhgkIo7Zgc2L9yc="}},"zwML5S+v++FEjfhhhUykWjFYEFHZi3D5TkIglg6gEYs=":{"valueMac":{"type":"Buffer","data":"lVzt7XXmsFDm6MpX49tFYhZitzoZAAFJvRWwo1Xoats="}},"+OJDfqY0SfJP2efFbwOBRe1f+F3PpAOczhuyoUcNyEo=":{"valueMac":{"type":"Buffer","data":"JxC6lUf3/3/riKbIMCWNpmzQp2ScqNYM5TLQ00mlveM="}},"DZEUKb8jDCkPRjVmGfkaAsDMeM1wl7xV2rf22T4KqqE=":{"valueMac":{"type":"Buffer","data":"N4pVC04Hqc8SFV0tH128HiKFlbSMbtf8iGnCGBJwjhk="}},"Dr0EE0nHj4Tap9s1EWwbqY4Hlj2jGmhIbRRktXB56oA=":{"valueMac":{"type":"Buffer","data":"Hj6eQlrS5fyPQZL1MYgx2AofsPlTWqphsJtXecMkMek="}},"4Vj+uRfqhu+7GRzrumEzl59wnko5nv4c+jASEaBBBFk=":{"valueMac":{"type":"Buffer","data":"wGfdBqKC8eJGPk9POvLIprk8Ry9qXfO1TsS0Xh8cMKc="}},"aalS9R828/M93TgYOOwEG1j79SHhn1J5sLAWfZOMlec=":{"valueMac":{"type":"Buffer","data":"BYK7xnrCF5Y39t47/5WRS+aJE7r7YF85IORjDk6ibqk="}},"86A/VLfkucDdVAo52URWNP+45qhkqzKlFQyfT3Ijmis=":{"valueMac":{"type":"Buffer","data":"7P1tgnKKOktX8d0mcOmaBKagoiBcR+EKa+uSYNH8uPI="}},"u905udijnPFX/GDmTFcP0AmO43jJO9ru7tpdjq+ILAc=":{"valueMac":{"type":"Buffer","data":"PmFTPuvqmWRHoK/vKvZfS9+I5QhLIjVPiQ/V50PuPis="}},"XVLnhawaVtHUczxFvjAGJ75YXjSYtdcNMyuT6edFdc0=":{"valueMac":{"type":"Buffer","data":"YvjulfLNXp3uGLngl6yIb0zisozKgmskYxochAtZ9gM="}},"ZTfSky0vFRIw1I70aXGu3cKKP3WRFaqHU0AyC+Lsq9s=":{"valueMac":{"type":"Buffer","data":"CaFm+VyFXf6v2hWnmFOXgaQYD84zw32nnHd+90HZLUk="}},"nooAYvtM+WSEJks4t+rKq5EsRlUt0vigSg+6XiTFSno=":{"valueMac":{"type":"Buffer","data":"x2s8vR+pCfT31dNAzrIT8zfxtNlZbleSKwWbZY3Cyr8="}},"0+uhgIrwIcTBOGVUALo1/28TX6/BHQ/pnvsV/rbE7lE=":{"valueMac":{"type":"Buffer","data":"BrUzkxv3U2Ggu2EO4KViW/YpoYziabQWxSxzZQ46Dlc="}},"UV0xRJ4oai47l5J17OiUrOTxipWUdYhek2NsAXpB/KY=":{"valueMac":{"type":"Buffer","data":"p47YPSs2zhsGuZQaPlzpWif4TxPtJY4z62DuayYwdXc="}},"hauiDxa9h8fSTCe2SxxP2SbnGJPgLqrHkbZVIC0qvEI=":{"valueMac":{"type":"Buffer","data":"vfoZ4g3gxWYItIZ3i39RS2oIga97I/MrOF7xVa3UZRI="}},"/5nsgGpU7IpsN6cna16v1hFcdcqvf/BzNkshzBgzD1M=":{"valueMac":{"type":"Buffer","data":"NTwCNsNu6v8bAL4bGU31r3oxCXQmIzEwtgwYo7gMiug="}},"dSzZf9QwAx/NmbEmfO9Tbn5OQZcZmJuggUBQ33h+NVM=":{"valueMac":{"type":"Buffer","data":"YrDxqS8VzN+eezqrmrqYCkIPikfVE1hHcKxImu7eYJ0="}},"CXW54cYvLYYhEZ8dDv7/JjA7uoZ+MWcYKs8yWL9byog=":{"valueMac":{"type":"Buffer","data":"KeXZVPgYF7MSeBl9g/MvSqltIMDDLp6qZKkJ96kCQx4="}},"0m7yMzXRsN6S0eylMiqmb5biqz0vHV8Hz3aaJ9EoFiQ=":{"valueMac":{"type":"Buffer","data":"cVx5VU0soyBYX8h+0M/oI+iGwgqmgYm89ATAF0eC61s="}},"BFQ2GBlcHqMJUxSCpZn7LzOei6oNRVgWTCK/ZTCIJ14=":{"valueMac":{"type":"Buffer","data":"whDB5/cj088ui2zUBxMowYTIUpt903TAPv1gbfP594w="}},"VkF2RV/FV6EIwoIX8Dq6+Zd1v3f3Zr2u23mpnW9NFJs=":{"valueMac":{"type":"Buffer","data":"k40h5lXR7vvVw+PLnqN2R9/otKa1UT8kUQikRx7h3Mw="}},"B3dP8ngASceb6rZLkViuGUS3TsNiIxnvsKt9N8jNdRQ=":{"valueMac":{"type":"Buffer","data":"KNzMOyfX3sdecryR9PMA2zdSEoMJmX6gcVVUOYhsY7c="}},"9fb6RJPpgNrvs1NDQDoSDUlz9WZ7aqcbJPh3HU+TABc=":{"valueMac":{"type":"Buffer","data":"3Kwj6OJtxbABwkf1YyMOdjJVBd/UnDfKeTL8FYvixdc="}},"FN/smNNp6yf3USpDmUO3j9cpYMpWEu1jN6vs/V4XBnc=":{"valueMac":{"type":"Buffer","data":"ao0ZJ4h3IjBmlMmUmcy2x1aGzh5g9jdoWbVb0KILjG8="}},"bkOrmzOp2NSOAS6PHND7klPfKAISssgdI1LXNiI5TXM=":{"valueMac":{"type":"Buffer","data":"MgnNJJxnfKQq1Q+lFikglqs97CF2a/iBNhW9qW+LqI0="}},"/Duf88rdef+BkofrsJPZQ5AJJSfEHKGRtCsA3dky31E=":{"valueMac":{"type":"Buffer","data":"xYM166ghTY/g3yWRbYN8xY87mVMwO1Bx6nb2Q1/6GT8="}},"bXshTeEzfQ31FrinbNrgTy3oZfdNZ4ruVy+ob/Ug4C8=":{"valueMac":{"type":"Buffer","data":"kT78OFx5x6Mv1kdEZ+RDunv+/g5djo4meKpQ8qfZrk8="}},"dRkfbNytGwJv/rlxDqM8KYS8hZ1KjKnVunHEWFBxMOE=":{"valueMac":{"type":"Buffer","data":"0C0t2NIh8kySrQ1nKz+0+gd7csxaHVzYbcRU/GfR6FM="}},"pKDBEkGwKWMK0PXijE3YuqTQg2tWKg6moElbNG2AXzc=":{"valueMac":{"type":"Buffer","data":"oEw0V4Crs/lsOHB6PBdQQ6lZBpXEd+24IHyiR0aheD8="}},"XRRqTwoLUhKJpu1FvixShZQWHKHbHvkCorD5zhIZA1g=":{"valueMac":{"type":"Buffer","data":"dIMFvcAaWCx6PHVxE2tYb27nNOLDLPPD3FFrPneU0lc="}},"OJBtX+2hUzwikqpi/hNkJmUNGgXijvRkawbsJqwskwQ=":{"valueMac":{"type":"Buffer","data":"1pAsUtU4GVCjcNtLVZzEDwk2dZDAE3Rei/6lnMlWFPw="}},"fSLqR1QLd8q/0rdAB6wxRExhMJ0BtikARW7SXHei5Qw=":{"valueMac":{"type":"Buffer","data":"CgB6hz/YTzbdEHDJaJ23DOtQPmj18qGFooM/S75MlOM="}},"uXAm8U4Um8pd65dAaWF3pCcKob4xjLDwwlF5lrL62vI=":{"valueMac":{"type":"Buffer","data":"NJkC7iyx9EBHJ36dTWZy4i8KDtwLhfHaW8+LhjS/u80="}},"0P3UpLV5kjCVVDbSHK+iGiQSwPwRWRSJLLQtbHuv1L4=":{"valueMac":{"type":"Buffer","data":"3AbeMG5MxmTN78SuVejcK6ZTGzqkzOGnJUBeOiyqYkE="}},"0o+m7bHHf684iyw8x2CZnAMhciPRaWXMwBLiOgt7Z48=":{"valueMac":{"type":"Buffer","data":"Ch1zdzoBT80Q0+pzUCjAy3IvZnHUsUK+4T3b5FiC0K8="}},"KYKVN5A+7cTKu8s0l30dTMORYcNRlqimVkpbU2sy+L4=":{"valueMac":{"type":"Buffer","data":"PbjJnu1VYHA5E/ptFKkixTrRAdPMVUJcpLw7W3li9fY="}},"m4Igqn33GgLYVWxnoHoduH74H5kMIsU5kmm3D4o1tzM=":{"valueMac":{"type":"Buffer","data":"Mrh35nLU/MiYI3XZm2gavWiUpmRuq9DGs4vM1jGNFMg="}},"q2X8I/4rW12gzUVL374METIfeCi9XDYieQCFC15Hy58=":{"valueMac":{"type":"Buffer","data":"mye0T+Q4rjq/FiI13C4SB+aer5KxrnoHY95NJkD4gsg="}},"FEo/UhsNEYMfBuvXZrFbQXGLV6sNxsslIjVtNubyqi8=":{"valueMac":{"type":"Buffer","data":"aivHvWw7lElNKib/jQ4cJl2Et9ED6AaR1K06vt09Vjk="}},"UuIMfI04DDnDc4UrmqBQxKkdD5TeFtDJLkIQLgEXXns=":{"valueMac":{"type":"Buffer","data":"5P7v6iQJ+XVbdUlBJ008xwfELmwXj0wj7W1deTiX6LE="}},"FY78bM6RMMA+v+J+o8iyhRlw3ygTUUEDo77gs3ya3oE=":{"valueMac":{"type":"Buffer","data":"4AMfXpUfhWBwmK07aZ632A1OBK+udno+7fKIXu7LewU="}},"ZcjYg/DkjVOPYcaqhjo5P7t0L0QICeL46bcXvMo9xYo=":{"valueMac":{"type":"Buffer","data":"gkGtUNvMGJ1CYXA8IfMrLa+fVB+hQrY3ojeLxnJpoAg="}},"S/quQNKEDapfL+oNjJxuKO4NB1a/wC7GFOsif8TbEI8=":{"valueMac":{"type":"Buffer","data":"khoztHc9PWK4ZIOCkCOWrT7C8F/xEBYGQFGhO968+ZU="}},"nSq1RcK3/14n0leSqOTnRkFygZDLDUN+rP5QdGtpDQA=":{"valueMac":{"type":"Buffer","data":"zQAlT5mgr4Kbnc0e7GoncZHf8/dOxBT5Adif3bBGkf0="}},"DPzc1M6r1PhjzxRhpkjSzsdltPLa6Cdh4tKV/6JympI=":{"valueMac":{"type":"Buffer","data":"h6djsaCNxb6xoH5QKG7D4SaL2mkmEs8Qk/+UHhRhiJQ="}},"667ppS9j5GkFsE+pD9roAY581DHxVy/cN+fBN3wjIho=":{"valueMac":{"type":"Buffer","data":"Ji5IeyjAujchFNbB0lUztAj+sxhq4Y9x8p/zEhX1OCw="}},"VOyHpkCE8Y8LDz168RIMJiSvNEXWDOPvliqmvTqEYlo=":{"valueMac":{"type":"Buffer","data":"DkgHOmhxlA/MZdMhzmKOOOMx3xCuvvMaFOGYevleDwI="}},"FSwvP0hlFV9PtmcViQgvS0d2l6jaaqL/pYuh/bEVX00=":{"valueMac":{"type":"Buffer","data":"gPnrV1DKYEUfSaME6Q7Q1fMd47c7PRyaUIc9U+LhkZg="}},"1HdCe//g0ojJvIAuFnQ23QMPfUvKfWhYUwu2UFpIY3I=":{"valueMac":{"type":"Buffer","data":"h3XeGaV9y+r4Zv4GjpoXvYPTlG4sAi657AJn8WIy3gg="}},"eFjUIlkMAdRDaqpVB3FrBDDQEvQ/N+7mc73UwMvj/Gk=":{"valueMac":{"type":"Buffer","data":"+jb+i//yW0FBjLdK1v3UArfgLgL3XKKi8hT/lysa0ec="}},"5Hqf33UncI9sYji3ifdFmYkwRpSW7IfkNOxUUbseAIE=":{"valueMac":{"type":"Buffer","data":"p8tO51FKZ7nrvBj8gn0yjUWZFU1Rl9cj9QoAugTU3Ss="}},"eX2H9DoZ7SGBh0bU5IJrExNiUgeu6b5gOUtNrh4ucW8=":{"valueMac":{"type":"Buffer","data":"741rQdni42GRhYr5a5SH0U48AheStoq/JFrmDbe88T4="}},"f7vb9+zif0uv0l6oWrxBXtuYNq889O+PV01SZbDfo0Y=":{"valueMac":{"type":"Buffer","data":"Qy6VoDaJU/FqGBAye5dAssJBz8oLpzOyjkUVL+7jVOg="}},"A0FwCX6MpofLCWAUKU0/RE9ArVryqV0cSP149wlZYOs=":{"valueMac":{"type":"Buffer","data":"Td3bHjxaQzatZndItA3WxbJpgUoh5ldYTQGXvD3hgHI="}},"slLM7/rZ7MJeeFVwVdjbbF0Uynfugrc+9xi3cLuMNaw=":{"valueMac":{"type":"Buffer","data":"0M47gJiyDimkXsSpXWkVVG4nGGetvCHaEDVS6sQuTNc="}},"kyoOOIhrQU7rD0jjZCup8bySts2lhaSmxzXnwE1+En0=":{"valueMac":{"type":"Buffer","data":"d4TtlLuiZM/eVNobShfM2NftwVKZfMAQHoe2Kb9f1ig="}},"QzQR11NHsQV2KuWRWxRrQw/Kc9zAQOydLeOPHlPjIhc=":{"valueMac":{"type":"Buffer","data":"YwaMEYa3PuRwPJwQ53aaZ5+D5l4tNuOQLwXjvtyxviM="}},"YMxXWyzTAgRPQnYZwguZYDSJZqyBunny6tgv7tdT9CE=":{"valueMac":{"type":"Buffer","data":"UBkwoEs3c6Kp/ronFF0eQGmQUHg3+fZHqLp3oJ0NjVM="}},"hxvRw6KPLyfNoyYlSAoXZrbAmq8L7yCn5eLbyCxU7hc=":{"valueMac":{"type":"Buffer","data":"HHuF2DFP1+ggn32t3MH0Z6WlRTYIbxYl9xyoxcmdH8k="}},"885xHWCeXBBFWSCmXY/TPKntjkEBc65lThX8mMj1+64=":{"valueMac":{"type":"Buffer","data":"16gx9RtgvfABMRmNH0JaKzRGDbZ9lvGrWy+rVUfsbKA="}},"7MHkpzoNibb5/ksutUtOpWdPwWZP+1L6OfurB+FukFk=":{"valueMac":{"type":"Buffer","data":"x3FzWiZfAJLyZIowaY6zfSpp+Ow8yiA8yqdn47f8mF8="}},"ODcnBcMcjMYwcCI/rMfLFJq2+lTYLHCSKsE+rjAbvS4=":{"valueMac":{"type":"Buffer","data":"dK44fLK+XWJQu97mnEAbDiQQXNXQkAqpOMlFlb0EvjI="}},"qR6If0HeYXGYmQj8PyUUvJYAhrsEksJFrrG7NP0CnRo=":{"valueMac":{"type":"Buffer","data":"FB4+s8dCMF4IZRZ33E8W5SRGDD2ZIXVqv6sl0YT4QL8="}},"UfyzwamcO2xt6nODiaUVXLRf+fLvODPpZnJ9SGe8B9A=":{"valueMac":{"type":"Buffer","data":"7/aQ0cMilb2h16AoUpHs6QyrP+NUydOoCyAmGB8ZRGc="}},"Q7n+GAijGvwHfOUF9L107dF4NnxLTHUdDcYkMC54HL4=":{"valueMac":{"type":"Buffer","data":"/0TdO9qRz2psRnBglzY3Gqod84rbaawggYGCw41URX4="}},"1LoEXMh6wrNfXBsFhUsdZB2+aihbJUDDtmjkkp79gcc=":{"valueMac":{"type":"Buffer","data":"AukXy4JZN1+/9eKgxo2Dpk78ncJk8siq/Xk4OyoQdH8="}},"Y6fVVJneivm+WisvPhxuHZxHYeX71vg5EyRBhSYagiQ=":{"valueMac":{"type":"Buffer","data":"qunRVwZ0p1nL3WEDIk2Ye7ZuylueAb6uueMcUn4r20k="}},"abG5h0AxjSwS4uG/SW0WPaB8yZJQfRADgwftEBk2ww4=":{"valueMac":{"type":"Buffer","data":"TWUc7iGhmKT+cUZGnvePiciDsFq299/5iAz30wUWYcw="}},"jUfPBpdu5WB7NUs/uOKeKVXSA+eX1oEO8yQM+Qd8B3U=":{"valueMac":{"type":"Buffer","data":"KFSSq7rOwLHv9EI/QW64SUzN6Xkc31U3DnWS4SQuDIc="}},"BHlIPMTJaYW1WzTjgflp0nTTDUCR0fp81iSnSNsqOjU=":{"valueMac":{"type":"Buffer","data":"qwH2Xq2W0cFEo/cmOV8XybOmfCcw0zN9KDmGKVhkTjg="}},"2LLYTpSHJDFycFlrX2zBhCWX+54tyyyNpeaWZINRpPU=":{"valueMac":{"type":"Buffer","data":"YSrPPF0R+YCMXMN4R2DZ/+vmeuqMBARCsHX5RM0Te+g="}},"QxJbniPum8BUArQ7Mk2YY8rFYgIvwy58JdzHG01nT2E=":{"valueMac":{"type":"Buffer","data":"eDayltJKjoCNvEALP//Fzjy3t8nc5zznLp7HejKEPXA="}},"J+5f8Ce4Wj8nKxrL83LGQXKi9ICarhpnMKFixCsXOws=":{"valueMac":{"type":"Buffer","data":"a07AwPaa0uOiZq8hvZAliPpjezx+6wMW0YownW+8RpQ="}},"hfxYxsCcrC2JNjopM65Z4LEX11Ze5qh0TzLxOBGqnPo=":{"valueMac":{"type":"Buffer","data":"sZ/nYdc+FVef28pEEvgycvioZ5Xa/scAdWcewcZuBCk="}},"t0+RpgMLIQ2pekohbsY9IaAf/3EZRKQAsZcpmY5Uysg=":{"valueMac":{"type":"Buffer","data":"Yhu4SoasbcvDuF40gWl3Sw8pJHo9taeeilos7F54Eds="}},"oMHPwlIBBpxZDd62jF0MO4ex7LWwdQQ78pohmgcQL1g=":{"valueMac":{"type":"Buffer","data":"GYVqNgjdoNB4+b4SnbCgD7pra2xatBz+PxsURS7hxbM="}},"wO1dFQ8++R8fTDnE1adJv1n1B1wQLuaViO5KWMGvpo4=":{"valueMac":{"type":"Buffer","data":"duqad1GTXNnvKNHwbEw94qtLsYaLZ5nZX1CbjQVBykY="}},"ACmQX5Wte/BxcNDNpQnL03sZW1pfH4HKk5jhUPrKub8=":{"valueMac":{"type":"Buffer","data":"92oeHCVwQjOuAVM5IcaImH+3hClwEcZVZf1Z8gMYhZQ="}},"pNY19OlXaK2//IYg1N65FOcudJjcguabfI0AcEToUsY=":{"valueMac":{"type":"Buffer","data":"kA7N7c/94v39dBw69e09nwwE0Cd4k/XzQO3eWFv+BYg="}},"+HlZXDwrk2Z8xMmOKoZyYfhPoQqe/g4cJztUAQY8LXI=":{"valueMac":{"type":"Buffer","data":"dTdNcD7dRsyUQEP9vAVpsi8vvkCoSW1GpY/AotOm5VY="}},"lenr3dlC6PgZ4wWrLek1HjsRuAGjqDLNvTLVfdp6t1w=":{"valueMac":{"type":"Buffer","data":"MIomgFLmZh6zqJXGoBnDcoTmX7Tf6rFJpXIw0dM7m2Y="}},"bn21x1sUSMu5O41UmS4ga3GAPvZTeGU8h2PPQNYyE4U=":{"valueMac":{"type":"Buffer","data":"JWHCzHHcIB61Xu4LWH5kt4Rx3vGj3jXiksPh/+UOZI4="}},"9k+NZd4FI10Vpf/KrR7drITqZ86/GMkXVBo2cU+KtZc=":{"valueMac":{"type":"Buffer","data":"+99pERuBo/1XzmrQmK6hSMfNxvNgJFf4nt5nWluD6l0="}},"Uj+b1PUdsjv5DRMzQ3OT9CInCWXqWfNzIV4Wvz2xO/M=":{"valueMac":{"type":"Buffer","data":"9UrrGznr2E1VMlNkgzhhrV9PM5nGpdove9GoXkXmEgg="}},"x+nekVyaLP/KoqGCI4RiZy/GrtJb6XfU8yhR2dPXAFo=":{"valueMac":{"type":"Buffer","data":"JkwpFWrb5APJVSAoOY6cW+0MShohPvNxS5L5a9RmIpk="}},"JQPHbhUMmYIrmAkcSJLySv3OB4xNLPO/jLPn9A5chpU=":{"valueMac":{"type":"Buffer","data":"wTFnGtwNKTdwpe5ocZx54EJdxXJlRekSYF5teW9pUEI="}},"dEJuM+78+nPfGLhW1mFrZkYRWh0XFPjDXO8kPI6LQ1w=":{"valueMac":{"type":"Buffer","data":"Vg+g/CW+H+MoX96IVRBnfz8QAQBlWbP+CANoGCjHRQ8="}},"qikhUSQDCkWm4Iyr9SNoARhLyTmT+6FN8D99yHlD1j0=":{"valueMac":{"type":"Buffer","data":"YSGiJD80IYoAAKA15IbnDzgKUq9mXF6UajBaRhdZuUQ="}},"fPhaxhyUDB1x+/Er/E78tpQsgiKFPgk8OYLa8uQLwNY=":{"valueMac":{"type":"Buffer","data":"ZAXOVlY6ORxBueBERfHu6+qBMZWJLr05sRYG2IdfY0Y="}},"C1S3UNqTMrTeznKKrAhmtq/4efpqlD1rcCMossdyerw=":{"valueMac":{"type":"Buffer","data":"8RSd0i/dClgE4yr0/XMNbBKBOA5DE5Q+7c22SwAOLb8="}},"US9yuheBfxM26ogfCvjhWlN7q7Q0YKa5V2dzRSo32OM=":{"valueMac":{"type":"Buffer","data":"GvbEV+nhIALm5M0HMVHsUzXDhIUF1cvVE6Yb+SaVQBQ="}},"o3n0iREECdU2IWG8GdADNLndBPZb7xyGb937VwRP0gs=":{"valueMac":{"type":"Buffer","data":"SDGLKGUHDRMMvnEa8DxXV7bLo9hZIoBvrX9pdpnCUnU="}},"/Fk7sL++68bELbTUpCN1ld/BUN5kRe2UTReSrrAF+KI=":{"valueMac":{"type":"Buffer","data":"wwabrlPK93NGnt/in/d4KZzz/GwJkqnkCSIT/H93uTA="}},"zpP/2j5xvCZ6VVXCU9qUljrg4bmYuJixtXGEmHHTSxo=":{"valueMac":{"type":"Buffer","data":"rRXvQSevtPKcD9fb1ySvRiJIbmTtlAjPdm0Wn2l0Hf0="}},"B4eLPqaY3SY5LRiKsldCHj04MFI4s/3QzA453V/uv9A=":{"valueMac":{"type":"Buffer","data":"eAz8G96uH3AAuA/nAopCQopYzuNLJuxMHrwoTg8fs74="}},"XNA+Tl12VTAUqjcmO+Dz9zJBGyOvKTtdOcWPRQc9Pmg=":{"valueMac":{"type":"Buffer","data":"gZ0VoNXsSg+IuyW5MAxtJgBmkJ5HUN6AbUST9c2DCW8="}},"GjWy32aw7P3hZ36joIr0CZuUphSIVO5QR3p6itfKkTc=":{"valueMac":{"type":"Buffer","data":"jDM6BoOAjnPGmMYeGPLsUUd+bRaPfsLXGhzbZuLlu30="}},"dG+aAdEmdzBaNI5Jj4cLaSIJMrQAvCjbxK/3uofTiWo=":{"valueMac":{"type":"Buffer","data":"EHdBpenVglN0aGtZgvfMwP8F2g4uP3JJtKxgMtOQTG4="}},"/HFHrJuay/L8Jxsozso9ZK0BgAce+BRe5+d6ZygJ3W4=":{"valueMac":{"type":"Buffer","data":"Hk+/O9t3uDbwxILEHnU+xr0SGiXacgpVI9DpWZgMwbY="}},"LRjWr6pIXeZ/xG9CBQRNfigoAKh0L5ahl60W9jcIZGY=":{"valueMac":{"type":"Buffer","data":"cHQfdp4zIukOfGOcqNMRv3d+6lviVBkz6ZwapbrnMmw="}},"xOLUKVenHxOWvC116pa3rs6fy+RuVWDJeW8QNnTjjPc=":{"valueMac":{"type":"Buffer","data":"2ISzX3YgBil0SkM+6g9xZKtX1EGmeT/vzmchLDNAU38="}},"ex3clpwuEQLCKNuBJ1K5eI3rDplsDHmLiDzehn0iuNc=":{"valueMac":{"type":"Buffer","data":"ojiwIeT2xkF+UGO37gPUTNADSSfN51g2uo/57xB/6hU="}},"Rs5BcgMG5dzHzJJaIUKOrLR0JR1QiNTIbcQN/nfrLpM=":{"valueMac":{"type":"Buffer","data":"bI3rdnT38d0WUmqAO/HBIbt0nkagzwLxbcdtha0zPZQ="}},"7VuLW83TDNCisaiYtsdbjPyA7CVZW2aiEHwHVNVBX7w=":{"valueMac":{"type":"Buffer","data":"Y4y3N7chVShI/yxrmqamxF2jUnrolw/BeDN6NUTDj3s="}},"MdADjU2R5gDZdjX2BCJM+47hKYWpkRP1w/vncYIvVig=":{"valueMac":{"type":"Buffer","data":"p9rxJpJvuHj9qFIwaeE1f8l5pk3juOcGoNPgvMakFA0="}},"0pO5txgZlvM/VX2+NqmHNK3ovvnLi/37617JqS3Q+7U=":{"valueMac":{"type":"Buffer","data":"EBMa/BgxRucDXrO5aqLOtkPAGJtLGTf9v5pU9mkdTOY="}},"Az+GO99OqQODloOR1fbWa0JKJIn7fEkd2XhZckq8Mek=":{"valueMac":{"type":"Buffer","data":"BsrC0TivgQsTuwhFT0yI7Y7uey66xfEK5Z+YH+3BeuM="}},"qNjp3fHEnFWhBeS+ZMX1NwtEnF0E79CNDEoAHU/ez0I=":{"valueMac":{"type":"Buffer","data":"brXJgFRou8mbvIm2mAm83oDzRCfxr4ASrWBe/MT0yn8="}},"2zTUetFk1TY7BldcRKZACirWC43PhGaaGenuIk2lq0g=":{"valueMac":{"type":"Buffer","data":"RTOQlfpXX8TryCcRSbr30mbJ7KWb1KsaESxBYd1oLM4="}},"yT6/Qv4l+hsvYOzPsBv1movWrv10HaBT62sOtte0nLs=":{"valueMac":{"type":"Buffer","data":"Ee6qV3XR+65Ml086YVbj9F/vxWuanCghCP+ZIBzuWI4="}},"fa6BpYuKEp46FoWBqzwhLAsYgfJ+37lcg3HFLOvTP0o=":{"valueMac":{"type":"Buffer","data":"0NlEkiGL65noqIkqACY/a4Wsgw0wRnobFBoz4W5q/xk="}},"aUnRs+ligBQZnA/HmjPltvP+jXiCeI0AN/x62lUX5yM=":{"valueMac":{"type":"Buffer","data":"eGv4MvxmdsXXqMpgMX9AYgca5yNsFtnEza1z9ETd04E="}},"LsX9c7lqs2OBMuwxyNMMMcOLGz8vUc35bWYS1eLQOWY=":{"valueMac":{"type":"Buffer","data":"wJAxESLxPhbVhvRAo8CKfOFo5n1QE2BEMVP0IP3jtvA="}},"DE/l+lCeKCHWRBF8FO4ssoCIpVnrHOVdv9Vk9xn83DY=":{"valueMac":{"type":"Buffer","data":"jb6IkOkMRttqt581+/cyPUgZFykeQfSaU6K4KsH5rAY="}},"9sj7J4o9v61UTHsouVk9J8DcRvOFKHpsL62XVWXpmPQ=":{"valueMac":{"type":"Buffer","data":"f3cYag2cuWOiiwVk6hta6dHuoVnTRew7wOUkaaJ+1Mg="}},"05cg4n814IWj7gWECpgw7nJZGSJN6GM6Agu7kPNHF04=":{"valueMac":{"type":"Buffer","data":"rAtkXs6BJjaOdjIV+VeeH6NJ76B9IQA18LNPQUyyNs4="}},"/5X7m2OtBN3asNbSf0S0d46F8FmnBA92b1QKzPcsUW8=":{"valueMac":{"type":"Buffer","data":"wrze0JbgSShRlokzQNLFd/bJiRE8xmD6XMuzdQ3IetY="}},"uL8r1VSnIpDQw3NWTTIK9korGAd7EF0nJub5cFDs3Uk=":{"valueMac":{"type":"Buffer","data":"F8KNThVxdem28hPq8APgbaX3l2re6sgnPhqCZusY1MM="}},"mFQ7Mhdc4RGExSvJBZP2JxinAWBFoiN+pJIUZkKzGV0=":{"valueMac":{"type":"Buffer","data":"+QPolhDUAb8zMw0366WCCv8mw31CPWNWe3y7vK0hKww="}},"bcsW+8IF6NSYDYfaVhZJZuQ88BszjUd0Ytu2Czji59c=":{"valueMac":{"type":"Buffer","data":"ms6lw8B7900Gtu0Jmu281Yc+ftSN3FsRViqT6gZeIWs="}},"BmCvzJdhyYjJf4K60VxM/ZhIpeNUfVTi1Ao9oOluRH8=":{"valueMac":{"type":"Buffer","data":"HoBvuLtdKnCFQtOwj6jMWwLClxp1oS/Z1Ox/ldXx5EI="}},"gDXISBvI0XGO3xeFK5sr17iC7qfmSvzTbj1UJO4TWLo=":{"valueMac":{"type":"Buffer","data":"SZ9ZHJsZ6MTtIYdS0uyuPSP4YJLFXfmgzarCBkkVWnc="}},"DBM168GwaONDny6qqg0jmBKbNem4ZyWptZJt2VYkCeA=":{"valueMac":{"type":"Buffer","data":"nORd2FW2ADfQv1jByqt4lNtlx0tihnzOr+zc9ecAezY="}},"g1CK9XWjkO8U388q27J4sAag7am6098bNWLarLYw2qs=":{"valueMac":{"type":"Buffer","data":"UWts4C5mFpe1/c9O7dp9jqSw2kDVzEkNqqZA6h4TXK4="}},"EE1o1t6PDDBSuIo22nXfYgghBiYnD+4njUEicTs/2Qw=":{"valueMac":{"type":"Buffer","data":"B+4SlJG6A/nG9OHI+ex4l6OQEkIFUZPdgTmr5VhKNTU="}},"ZEjcHPI5bR2cuoWJ5FBMW8Wtvzo53rwjjbjeeIznvYQ=":{"valueMac":{"type":"Buffer","data":"N99SlYSBXkLVIFXgrHrJy1/WtIa9l2Xj0OwMOazEIXA="}},"vP0GhNURGxMeZ6fIxApw1pz+LvyyWOJ+yni0P6mPvg0=":{"valueMac":{"type":"Buffer","data":"5IIGwRoPHwHUeo18++KzI7NFeSKTq1scSIH3S7f/9r8="}},"dS+OZ5XNRdB3/h32uiMIJJEIV8tlE9pR8sNVbBEFcwo=":{"valueMac":{"type":"Buffer","data":"JM3ZeKgfA9zgKTeXiy1ZMGMxyMx2+2kQYjZA2izQspc="}},"zX6ZoFYs1sS5zj/glWpnzasjDWsiHgCTn4q7JzEg/AE=":{"valueMac":{"type":"Buffer","data":"NHraY2qBtq/VzqJF512irUV1LoxIiunIFNZNql3rMGs="}},"eYJv055fLPud4TJtvKpMPMzdrlDf4evrBKy83mYV8qo=":{"valueMac":{"type":"Buffer","data":"r3LmNaqLlXZ2tAOvcPZXsOuCZUyw9J1RJi2EvZ10/e0="}},"ADGZIr5+L7dTVwqpai9NlCNZOjTtZ2I46cKxo9whycE=":{"valueMac":{"type":"Buffer","data":"QhA1NDaf4KVqzoB7GqJUnLkLfTLd+XRfcIO4SdGReDQ="}},"0MwnwwnmUdi6k3QZ7Blb4s7eX+k9N+WKJJZbg06IFf0=":{"valueMac":{"type":"Buffer","data":"6oyP9yYBappt/sqMbvra5++8PMyomYm+QFJaDbqmN+0="}},"Z0Yyp9VoejrwPt9FDW+S40uM0nGMDZzr+DmG1QEq2XY=":{"valueMac":{"type":"Buffer","data":"Q/1Sey8BCKH1i0s5L9fcaqb0rAbLO0GTkvM4A+7e1Zc="}},"udeSL7XaGZwniZ7wIZmKhquhOfyYEGZoYEO7xrDRezk=":{"valueMac":{"type":"Buffer","data":"mKkATivMwu+PejmHJDk8ABk5i0OkKIo3jaYTyUqJIig="}},"nWg8kD7KpKTNR+eS1lvBMjw0oCps/CgRTZVTjebJh9g=":{"valueMac":{"type":"Buffer","data":"35k/zTxEMuXu8YoaLC/Uc22rwMMVtLzt7SGj1ZcZx8A="}},"IxW9c/9qI4eFRv4fUCOBsl2bzslStwKOBFdPOyE4QuE=":{"valueMac":{"type":"Buffer","data":"RDy2K1d1reEL7NhzOO1Y7Knh1MftnrJWM5hIMjHqi1g="}},"Mae332lgakZITc35g9W7tKXlXS5kZHShVu2ZWyfk8Bo=":{"valueMac":{"type":"Buffer","data":"bEMVetymHkCOyMlxcKPF8jhXX+AEWIVYjyTvmdAToP8="}},"odF7TfEZZel4eIh36sJJMwI7qaW1xQgR9FEcbvmgtAI=":{"valueMac":{"type":"Buffer","data":"k3tbCx19HFuL1Wny7e2mEBLYS4gkV0tLsj/wjV/yZ6o="}},"rQOeqZy05bplGx0WBn05WBHwoyeDD9lOPxhHIH6Md5Q=":{"valueMac":{"type":"Buffer","data":"EQguEzZpz62c3AfOPeg4+eMMilPyscOaXzjjh0kYMVs="}},"Y10peVL2lGiEQU09PHsCMayE2lhWxQ3TbIWfPaBrecQ=":{"valueMac":{"type":"Buffer","data":"zEjg2EYUajgYOsdc+ACFVA07XZQcractP1JB8/8IMcg="}},"O337K/PYNCOJbIGgIODy101XnvI/cuZZD3iw6PgFyG8=":{"valueMac":{"type":"Buffer","data":"dIH6xDnHnlSYOvxl8FZXzTT0b6wWR2j3/fmix1v3OF8="}},"ak/PcjOM/TfZYJjhlcdrssHak22xyTVIrXtP2UeStP0=":{"valueMac":{"type":"Buffer","data":"KZMmyjqq21XooYlaSLtsXuYHcq5kzHBFbjqfF7bC65s="}},"HGDZPeL5GPChrlR16sTb0c21CUMovaG3s6LztAR/aXk=":{"valueMac":{"type":"Buffer","data":"I8GW96TILfqDiJQu0/YfwkgZGl8opZgZkdTtvLAe8zo="}},"SuNlxuHNZ/LxVgxteEymq56k0l1LNm451mmMPH/Steg=":{"valueMac":{"type":"Buffer","data":"SEog5/bN0i8uwfqxlaUHl5NJS8ixsQaxNXOHrwgsG3E="}},"XejcEV/9UnJdBWnEZe32BpNEZUMP6vmi4J6n2J4foc4=":{"valueMac":{"type":"Buffer","data":"i4IJquQgTWBCB9SOo/0+AgFuM2ir36WAUkSyO8m5JME="}},"K/HyagUxXKCNEM0DvhEjba1BlbjKpKceds0WD6hkvn8=":{"valueMac":{"type":"Buffer","data":"1lJxSW7fZjdmOVXKkEu37BmgBqr2l9M4YCdFqtEkiBc="}},"7HvpjlUx+7faFTp+Caz6HUctvcNgQW9REUeloZo62+s=":{"valueMac":{"type":"Buffer","data":"FGyUKL9ILr7XYdYx67IbmKwpVYKvpQc4fq3D0pse1gs="}},"lZ+3HH68WCTZ38t9hLXpWtrNkDXWMZrzKxT9Frmmx5M=":{"valueMac":{"type":"Buffer","data":"GmxKg7Cct5hnkfMJkTlJFrtIBB0yoLgBV45bUmi17s0="}},"/wgFhxdIK/ViKffOcBBHBJNWmEFqFhesZB8Hrk1L8xk=":{"valueMac":{"type":"Buffer","data":"tZ2SWTy2T7nbgRPjevDscsAI+f0Iw3zpeLi1unwpEN8="}},"9Pqh8uZgztfkEOtQF0fDgqcpNEolZO/7tHqyNUun2Zo=":{"valueMac":{"type":"Buffer","data":"pvLGb6gaLGVeZIpnGOWohtf0T7KwJ2KKZOEY0yF5Z1I="}},"uZ1T2qdUC3qdAzP8LDWYx2EHY9YeitPjtBBxD9u4UIk=":{"valueMac":{"type":"Buffer","data":"0PMH4E983u3lXG4eAqGPgzjIdMCmTcZMdOxw2PbzlfY="}},"neOu+kxmJAa1n34giXODo82mwnKwWMFLH3nR+3kKYxc=":{"valueMac":{"type":"Buffer","data":"eVPc80N4ICenThFyMrydOkcIqRYTQ1o/o++iGyaClVM="}},"71KHFgXqKZWK5g2LEGBVVrJIc3zKCT69j2e8VCWd9p8=":{"valueMac":{"type":"Buffer","data":"E+PcxwdO/R1lvjshFfFhNd5fykhbqcHCczzCultagoY="}},"HxbAzXVm2IQLGF3HuYI66jEX18TxVdJYvligitEImyg=":{"valueMac":{"type":"Buffer","data":"39vP3cOp4UN+UMHpQ44eQV+5EunPkhQLeTPSr3N5n0E="}},"+a3lXHokh+0d5ZCt7MPSuOF055sKxny/iFKM8QWMKnw=":{"valueMac":{"type":"Buffer","data":"rWGbi3HEm82JRbFGZFj00baETj010WJkc4efyAyDV8E="}},"NRELE/gbjE7G+kbibTsn3PBd0r4LV/IvFRLg8F1GSpU=":{"valueMac":{"type":"Buffer","data":"Z1dC/IR3IaeYN+8BmaFxZwHKHaSTQg8vFYx6Lc37/qg="}},"bKMkdStETi8Q29tUlhT1F2p29mB2DGz+81okMjWwmy0=":{"valueMac":{"type":"Buffer","data":"gYz2s7M1FZRRS5liLXV+ROaMji7MkMLRv/YezOgQM4Y="}},"WLcaqxlygPc3r/NC/13LD7ZXQtCJGRbIM0NymAPsA5c=":{"valueMac":{"type":"Buffer","data":"MgvDwlg8zx1RjdmaZQC1al3hn1Wzjus6k4+eK74bY2M="}},"i+ai9qYDyOSj9YOc0r5wf+bOCttRCBxuZfDjpYXvRAo=":{"valueMac":{"type":"Buffer","data":"jzKEHWJGQ9fRHyXW/1kA1FVTVMsRy/7rauymkjMAhB8="}},"2qu2zVP8pKh0BDPZnx/QugBFv5kliyyGuqzN4dmNCbI=":{"valueMac":{"type":"Buffer","data":"z3CujSqxirOjq1zbRRj27Dx2xB5e/sIwweb68T+sVTQ="}},"8G3+2OGzrjaj7HvEsjyd6apSnWROi6SlfGweQCKLJCE=":{"valueMac":{"type":"Buffer","data":"ZqBBNBOoTtlivNRXJsSec+Wb/iwxHznOa91unyBd7f8="}},"0ivtTpLxYuYlXqErAAzQw4SugDUnKam37G3UZx07U+Q=":{"valueMac":{"type":"Buffer","data":"Uzp3GM8VHdSHTXEBY25B/Cz8kR8XhsLav/vuKkEv4zc="}},"aNTTzKOpPsw3fFdKcujzDHdls6qnPj7viMs8c9LozUY=":{"valueMac":{"type":"Buffer","data":"sahTFUcJII7ecoxIoCtQu9BDQwLJDI3GcBkuOD3IP80="}},"RFQ45rxW9bkLSoh6wGQ13GzO0lepYboN4Wd2fAFRoWw=":{"valueMac":{"type":"Buffer","data":"l6LOMDorAZHn2CGC4h1IBbUVCRlmEOXhcZGlLk9aF1g="}},"7KyHcNScDQOf2xMOsDfH9oAttGA4NbyUxkdp3Qnp0O4=":{"valueMac":{"type":"Buffer","data":"14qARBOnGihvUZO/EEk1gsPXWfQ0cOF2SU+ETEcwhGE="}},"O0Lu/S1Io04IYc/4hBK0K2rlrvsEQoahgUhxvQcECJE=":{"valueMac":{"type":"Buffer","data":"flerneBISIfGdL6Idkfs3IDGKq8XS1Fwb+mh/tjVqG0="}},"i3r0UH39lpo6xhERx4/VcIy7LmHFEoB9c7YfqvGrxDU=":{"valueMac":{"type":"Buffer","data":"3z8Q2mcJrDHp8HODuuRSGLanBxLUdh97XwfHJRzbEpE="}},"LYlGc9HTifXQcAuIrzQu0u9g1kDBZJu6vkJuirXZIWQ=":{"valueMac":{"type":"Buffer","data":"tMd7j7xjqQuTnMu1xTvxvchtkO1lleCw7TPin6Jhulg="}},"4sQN1dsXJdOBeJ+k8d41/DOdB/X5nGx5t3Tp2Uvj2YQ=":{"valueMac":{"type":"Buffer","data":"4zQdCYL16g2FcIevFkWBBJeCcTyWv3Bn+lxcEKCNq4c="}},"9E8fGb17I1lkbbzC1dc/+iPWU/wXdnQ0nTyF4+Zn0Mg=":{"valueMac":{"type":"Buffer","data":"rO0Z74CIffKuQWDQWi3tp/iMsc4gdvHJtOQK/qE3dfo="}},"wKzBoivJcwu2SlRIrpXHlyMhszt6wiXq11hX3TDqSZk=":{"valueMac":{"type":"Buffer","data":"UZNm4Hy9X88c8AI0eX3bxQ+TKk71z8hJMVxctHYRwQY="}},"RTgpOm7KuShz/xcjyrsHurSmttLCXyxqrbRtqY07XHQ=":{"valueMac":{"type":"Buffer","data":"opIwg+s9SfFC9RPn3aHnVJLWoJKQzxARfgUm7r0hdJE="}},"Ip5VeEOgLyJS2zJ64H+9qvt4N3vkSFADvTrl3t56dPw=":{"valueMac":{"type":"Buffer","data":"Z891nHSzAWJw7W2j1YmpE379XrCqQxwm144SV/B23G8="}},"jxVQP3dxMpeXJbfCdXFqr2Bn5dh3IGsFl3Xsg9CZ970=":{"valueMac":{"type":"Buffer","data":"i3noBdl5JMWLDyyzPf1VfVQEZCgwLS6j3N1FqftV/tw="}},"IVhvECPiS/ZFNjVNvF+1ra1PKE5BJlOKjfJObf6ZupE=":{"valueMac":{"type":"Buffer","data":"ja9PdHT0u3V4ZFIzfgjNWB2566CfiVDLu3uvIgUFdA8="}},"X5HdJhBRSTO8GnxZEgBGriMVWp7DGmeCwV+p6m2Z0bU=":{"valueMac":{"type":"Buffer","data":"xHdMcIuiIhXboOtOnp/SgBfEt2zGLmNm5nh8UcF3/tw="}},"6k0KKjhD6N2w58yBGGExSS9fPaf11MMKq86DAPfQn+0=":{"valueMac":{"type":"Buffer","data":"hv0MkpoR6thPQngJqyQ98mVD4Htz925/3wqm7d9Ps9A="}},"6tsP6KnmB/Bkz18A5rLz+cOnXt5D5gTfAPCqzgMsfYM=":{"valueMac":{"type":"Buffer","data":"Mt7FTYwiok/FTSws9AfB/LJ90pBlgSFtaicxLg4YJZ8="}},"R6zbd7He89boLUAppYEO18EP/A1WRiL7cjC8Ibx16SY=":{"valueMac":{"type":"Buffer","data":"iTuwMdhwPqo9aaSRl2GQTIZkgieqL8dAAkXaGCvCPVg="}},"8985GBwC2P0iGqOfY4KofWAQzwMcmZGj0Cnw5adiKKU=":{"valueMac":{"type":"Buffer","data":"QI3vGYEzKbf5O6H7BRox9SCNib289sUAk7ApLRtAyUU="}},"MB6rZ8h5FHubJNaYh/F/zxRbCkf+pL0lq0aV/yJIXrI=":{"valueMac":{"type":"Buffer","data":"cxXB9JYE87KxdR98YUYfE5LTqajmMtgGI2jJpRyPSIk="}},"OZGqHqMOu9wkHZBk/LnonCtVV8Be5OscqscInoKQBzI=":{"valueMac":{"type":"Buffer","data":"EC29P4xELFuq1QUioVSZtd992b3LSGvHKtRi6PyzDXg="}},"7o1xeT3OCZWjpomeGc7GfRLtELwGN3XYm3G6AzVwmdY=":{"valueMac":{"type":"Buffer","data":"SEyGP040Fncz1bAKpH58fMQiGSIqOwW91cn7yPaNDBs="}},"DITfr6qaQWImZexMDs+EuICzezYOon2EzmTCt9HVj+4=":{"valueMac":{"type":"Buffer","data":"Wn0jDU14RbxyQh9rz8nJozOBLQmuk8YZTUCgt9s13Ec="}},"7ncvwFFqUmqN8NNm8IJvrz9C83JtQp156ZTTM4knlCA=":{"valueMac":{"type":"Buffer","data":"r6Nf1Of9FP3cUWfkGpNjaUXxYc6JPsFlFrG5xZYVhuk="}},"eImwSPlCiJiT3FIm5SCx9Xo6z6/HkABe03emvqT8zMo=":{"valueMac":{"type":"Buffer","data":"NBStq7+QVQdCWzxR7ZiiNwGcjY0qzWg3Yh2Qgo0NirQ="}},"B9b7ifzvEKbEdyU863YhCPFdyrm9mb2bqNg/8EL7/qg=":{"valueMac":{"type":"Buffer","data":"TZ8iMQT4ykJjhH8ZhP65q64/EmpFJ1CALf5cPaVXDlM="}},"ip5+dz13X7mrwL/FEL97Lm9gDlAXw6wRnk4PHR3llEw=":{"valueMac":{"type":"Buffer","data":"5Zsc+WZMPnC1C1lSbjE82bQadxHBMuzsg6tBNU/ybrc="}},"nNqhCqNX6uUHUuZeQ1k5QJFP3ynV/rw9j+PJ79v0P6c=":{"valueMac":{"type":"Buffer","data":"J9x3e/fA1JiR9Rl5duUk+xccqkRYg+fmbz9e/OvISi4="}},"VAUbEKy15XEpWJOB20I9QQJIH7jypL5Irb60oHk8Au4=":{"valueMac":{"type":"Buffer","data":"wTFHfuUCqoGJsCFPcrTP5oV2SiS7U4cmxSR9Kodr8zk="}},"5EqWypL8PL/9Plf8K/Q0i72SjOLCFCcDBxrpK8pI7xM=":{"valueMac":{"type":"Buffer","data":"NQS+1ppM2Yrl93XV1O65oEbGE4/MbpAF+VDZgXsdKeY="}},"cIp1JdzYGCI5+OUPIhoYy5jaesmrNt/ycdj5P921PLI=":{"valueMac":{"type":"Buffer","data":"DlrLlxkOkFX6PefUCqxKngzyAUKmrREfV8Q9Faa0U6o="}},"B9U9MOvcaLpVA9QjKqEHxSjVfFJly64CVsDHlEx/DdY=":{"valueMac":{"type":"Buffer","data":"TQke5xtIUP/CVTwaUm06ZWgHyOJXlGrr5zDMOHZsY+8="}},"4aFJnL/iUHmzDeoc/wt6CMkrTmVLb/w6uAg0xC8RF8A=":{"valueMac":{"type":"Buffer","data":"0TnqqPA5GnLjee9v9kba3Qsh5vxmj03e1bH8feCA9yw="}},"+YUgYl2Xb69RKp87Mv7DM5LV+EgmzgfNeH91hztA+9A=":{"valueMac":{"type":"Buffer","data":"LWRSfFEzU5LviEqIq3QqlDDQmg3bQ4D9bl+v3iyRBRQ="}},"ag0Z3Z0x28R+M6C2lYJ1vVNJZzvR5pUewMZDyB/gHJ4=":{"valueMac":{"type":"Buffer","data":"wbPPN9oGjepxJ8Nh6EfiTFnwqOvadxZCewehaxttsvY="}},"zAVSjLtVou2V/neXlWoRXSYQ4HC14yziAl4KPj7832g=":{"valueMac":{"type":"Buffer","data":"f/REtHgs5ILt186hF9IPPvQ0HOmpjrz9PXwVS42FVFc="}},"SY38uos3Knk4E2xBeQkve0pzTI059jx/PhmKkg9ddYY=":{"valueMac":{"type":"Buffer","data":"UjFKAKWv/pqAPtiMtdptBLFgZ+FDsVdGNMaTYtrCpUQ="}},"gEzK1DP3veboKLCHT9gR1LQXksALzBARxbAayeKaQE0=":{"valueMac":{"type":"Buffer","data":"QsqEuxN5dr7WxErEHC9PraIvQXYgG/ZAnkwkTPeWGqo="}},"eQqSPjYDLRzHDomb9LGqxy6y6xr6koX4hfGUZUsrpfM=":{"valueMac":{"type":"Buffer","data":"L8zHKHPoq5azoAKauF33mfm0Oequl+GL/nwDw/bQf30="}},"mEzjDnJWROIWigYZLUu48CU2UHxJjJhhtDUtXCGGQms=":{"valueMac":{"type":"Buffer","data":"FGx+329CCl1Ggr1P3iEIh48ZK2gfEcPOGbsEgQvcOuI="}},"opbkFy70t/RBY2CX6pAKCuooX7r5Mnm+LJJKA6PvAxw=":{"valueMac":{"type":"Buffer","data":"tqinZvtsMl40Q00ybznJ1xv2FvBJbqhtJTJYmJuifbw="}},"fv0DJiKGcyhOeOjxGUvdSdROT/YDhlyqXy902mcgf8U=":{"valueMac":{"type":"Buffer","data":"P7W7gZSwuWkjal7XviqkdrfO8t5d24u3n+7aRVYKqAE="}},"6mSWYeqcqvvqyMzpdv8ix7OCB3t36vmXyBcSeWB0in0=":{"valueMac":{"type":"Buffer","data":"F5Dx6c6ZuHnGah5AAtMW78J9yIt2AOJGBcdyypop09Q="}},"5U3PyVWQbH9//N1Ul4AFqSLecu9Gszo4O203fuXmNXk=":{"valueMac":{"type":"Buffer","data":"scOBQXhLIm0Z63LfqgTcJcJ4JPca7OqZQ9iBq+P9ysE="}},"1OqFRVLIzx1rxdSrU91AQPa8prKwYSWFWAyZRLLxZyI=":{"valueMac":{"type":"Buffer","data":"UsNMEE0pxwtJlQbHqGgf3ehtOf1UBSThz/DyWWtIwg0="}},"yKft/vrx7mXmxOkurLPyFWzOC8QhLw/cIPRRPb5HmM8=":{"valueMac":{"type":"Buffer","data":"LrEOFab3K4aDpYVw22O3ceD+/NpIm34a6oE79A5Sabo="}},"sKeVRlso5aS3pj97K9MCPyTCWaXYGVpdxFA6F8zjjJo=":{"valueMac":{"type":"Buffer","data":"70seNilbG9iR/JMl/Sst0MXh/jXMN8HH4pVgLMMXGvs="}},"GbnzYp3s05auMdPd+sUliJf+53r/msu248b5MgXGZUM=":{"valueMac":{"type":"Buffer","data":"IlorMBZh9Ti2AODhvFEo4F6RyvuI9BE52Dit+oCJRXM="}},"qMWs2GwxbOjracTQkbALeUc6k7FMyxGEb8Bn2/LvjcY=":{"valueMac":{"type":"Buffer","data":"ifcHBya6AUATDiI5pqIltRo9hycRSSnEXWA4gejvzW4="}},"eZ6pTGMORyrkd1oFWZe/lUOmRG4JCKHkcNS+nWlRL6U=":{"valueMac":{"type":"Buffer","data":"Dk7DGDlSTfzsXGbT+Gob69/8XPyYNg2pM+2ug8bwrj8="}},"lF0VoI07QzhinP0aMT7HsjVCGBb9IeOOBSaAor9FaLo=":{"valueMac":{"type":"Buffer","data":"ieCKfmSQ2Eh/kfIPK5LMIhtBTi3eyDxhKiEt6tHD9rA="}},"17O/BAyUWiVX8ummzYNLyrMYk6uoALIiaP8i8gFn93g=":{"valueMac":{"type":"Buffer","data":"8OeH3TMqk2I4KZp3MoXafjI7gId0m7Ea0YnSzRq9wYw="}},"d8bypauZpiJUGBVKCQhRPrwBQHoLiZGZGoH/xp5w8Yo=":{"valueMac":{"type":"Buffer","data":"a4TiZzBvnpCEgR30M+4ytRZuB1qm2wtfbABr6IsMyYA="}},"lQRw0ez65YujE5an7a/D/ZmC2YPWVTOO8gApuWJIVqQ=":{"valueMac":{"type":"Buffer","data":"cWE0Ai1U6qlOI0Qp+uU94xg5nbRqq+5tuEqNV9h3EpY="}},"8Q7jHPcnOewLsWJ9io3aarV5MfLf9owH7xs1OLKPeTI=":{"valueMac":{"type":"Buffer","data":"NGDkrPYO0fKm5/mt7Dxww+DwkboQEd7Q3qAWdZ7WIsc="}},"C3HTIfO1B7/HVvLA6hyFJEYs29HNpuwpEIgI52ann5o=":{"valueMac":{"type":"Buffer","data":"hwk5r0wbVhGWTRXemFLhKZ9WcA2rr7U0ijYh5GtuzY8="}},"CDkVjUAmaMeaBIGBjXQRZt2iVa3GHR2Per28C/IKCzA=":{"valueMac":{"type":"Buffer","data":"1WuyjmafuXhrWXckqTtpucMEYGgNpBdcfwZSHaOyhGw="}},"MbvjvHPyf3Vms02rBTX2o1y9yjU2q5r+qHz0bNYT76w=":{"valueMac":{"type":"Buffer","data":"+LOwdbEY9oY8r6cEj2j4laF1cmJyJLKVAakEyuZJIfk="}},"f04Yw0obw0O6UG+GrvQi2WGa/zTLfErtRa2fW3VnyyE=":{"valueMac":{"type":"Buffer","data":"TlXay9ZzLSG08YdVCJ11NDuW/xvOlRAo9waUuaF44JI="}},"FVjncneDa/iwCVPa4h+mlB1Pt5UUkLhTgbXhCv3Zjs8=":{"valueMac":{"type":"Buffer","data":"aimyNMW/OQlZHLIbauEkhXty3QLG/C0WKWxcMgviF88="}},"C7j2AxOJqwzW3mtoE5Y9EbWV+vOt6xIhnu91bVtTvXA=":{"valueMac":{"type":"Buffer","data":"vN7Kmwf5WKt5yHW/wC0IQPAu+qgKJpLvUHKheFnEfV4="}},"2BQrRcxPGVb70Q7W/bkF8h7pq2dDZxPdODk+B+LfXcc=":{"valueMac":{"type":"Buffer","data":"0zpWTdeOpX4QHjTFHrDTPbkdQ9ZzUoeBNzev8YepZMM="}},"ue3Spx6LRpiKfJ9SA5wCM4a/tlb6SiRNLdgVft+ItyE=":{"valueMac":{"type":"Buffer","data":"nwlKhd5m59krX25fpItXwXFTRGwpstKIz4LOixwQ1pc="}},"o26jg5ShkUKLjuxT0rbtUtBmSygHCRPxzuI8DYw2N7E=":{"valueMac":{"type":"Buffer","data":"Y9Ty3tJa90UsJxHhAn0TKCNjCjzk4wooFsANigvtjXw="}},"SdBBoKNyWV9QKiyy/hVmkGWiSzCC1jKjwtf9NXmewbc=":{"valueMac":{"type":"Buffer","data":"PC+TqEwdsJdiKv2qiRbK0piBGxxc/yFSXh0+IYYVpmc="}},"uUeneNvtbcCd9yGWnyY4DuI7BfMUv35sIjebAEZYS8s=":{"valueMac":{"type":"Buffer","data":"L0j4JlSe4pCH545TTYkUf6JUxeMcnVZK5Q3curx63Rw="}},"rTwvGch6zxJRjJ+UmkngzfFMnSLpU8UzF0EhPSyyPic=":{"valueMac":{"type":"Buffer","data":"Qda94RlB+7GVnoRWeglIbb4Qx27k7hDHYFfsO4EZjCo="}},"CvaN392ise6qDi9GZ2kFE3fm7L3UEN17PkTtvDZPNl0=":{"valueMac":{"type":"Buffer","data":"dSZlGgwRZSahiEZ+Qm8T1JXPFmRRh9Cz8PTkamwauks="}},"pLc/gtxFl2uPw94yOsUCsZqZXoq79GXFDjZoES2Ri4I=":{"valueMac":{"type":"Buffer","data":"Qa+2puNSiu0gr6sg2D2g1PeMcTVocIxYu7kN3XJyBv4="}},"zKm/psYmOdCweptP8Q9ZXlOy28HCAeNLdipJQLa6y/A=":{"valueMac":{"type":"Buffer","data":"IfFY9FgeuVib1dfG5SJD3Uh/Y/iCF+swuW+h6HJCoLE="}},"Y6NQPhFvg6YdqgQrIuIqwajzwHNmyvBtcmvMg9mSZl8=":{"valueMac":{"type":"Buffer","data":"SKaPwU/DbUEDHyGbknop0rxj/JdK1ITxybkBD2u84Ys="}},"ecw9xZ95Ozmo4XVQIh/7s2Ik75Q6wCPBRXwOG8139bo=":{"valueMac":{"type":"Buffer","data":"AEXS3d3RVvWau9wQg8LImqBksoSjv4LaaThRdpa1mmw="}},"V5UUmm+mmAyUpU2crb43H/83JPcMKkGAbDwuVfCwQ+w=":{"valueMac":{"type":"Buffer","data":"j3MRvIOkKeR/FYT9g9B1x4lRQvNbkjwtNc/zDy3m3x8="}},"cdgPf5q5DX7B90TbHe0SBScNaL1bcEg8xHLRs1s1kBc=":{"valueMac":{"type":"Buffer","data":"ZwR5A+7ElK/2vvANlVlqfibMxQChyJJKhTiNP4Y7uaY="}},"Jwkiy9zrUkv58P2ypqLZfkO01DOcjIcdGdusNQs6vyg=":{"valueMac":{"type":"Buffer","data":"OVBKumBoUt94OMQjydp/1FjQv49FOhw7KOj0DTF7F/Y="}},"xZBHTsQgq1YyXIK4AWEhPAIBxV3tEUeDgIWD8GgtioI=":{"valueMac":{"type":"Buffer","data":"p+qLfymSQz6S7fr0ZO4ayrJJL2yeUwS/KnanbhXaoHA="}},"dEs00r3kQtOn6O8kVbYXUBh8GsQsgIBXTa8gIr0PbuE=":{"valueMac":{"type":"Buffer","data":"9EU5AQnVGOEhUWrneuhGN4tPYCeLCT3T/a2/Tz+OFu8="}},"Ccae+9orMpMVlX1xTUl7GfxbHeedMa8yK4fmSZztDS4=":{"valueMac":{"type":"Buffer","data":"zs90Vub1dtIIm3UGohWKc3CT6Z8Rm9E/xB0euOZANo0="}},"Wx6vhogi1kSiyF7iwdJLun7kxvTJ3iTjI7NY80AF8ug=":{"valueMac":{"type":"Buffer","data":"16x4heIwDKCHaenMyHaiorNXwICC+qwxrtMdRwcjy/8="}},"MixD9xFT51q8ElJ8PkJXClq3HlRF0hoKY5D6taChzUA=":{"valueMac":{"type":"Buffer","data":"2N9qWc16aEVvUwBwRzIcciB3tUaTi1sCQAXPJQoG/RU="}},"tXYdOkc84+zNmBrqI1andkp3etiwcQ9ye2ANYC+KN20=":{"valueMac":{"type":"Buffer","data":"RTUkZiZziMaF8W8Hd72YaABhMiIXcxdCFWL8wkW2xCk="}},"US5zmFLOB8/WDjUw+xxznXMSigQbNdm5Sv3Npdqtw00=":{"valueMac":{"type":"Buffer","data":"VCLV4pleTSpgjE0KeAcgRQLWXvOI9ocNOZ1N9Zasoz4="}},"za70JVnQB1qcRnVK2ahKVLQ4tPgdz9ElZ5s11BriQ7E=":{"valueMac":{"type":"Buffer","data":"/7fOzJmRqvDgf46ptTbJ2d+ajLvePG90W6GcH8x5VFw="}},"+c86DGRcWpXJnWY9HbbxADsk/EuYS8PqEs+cTCvc27c=":{"valueMac":{"type":"Buffer","data":"ERUylBdDp6Q1qua8oadqVWf3AqrNBQYF96IKEWUIbU8="}},"uABp+MvOkBhiaeFAkalHiMPefnNFoefEMJym15FRK88=":{"valueMac":{"type":"Buffer","data":"AbZDZSnr5t+PQTIM2hL70nicqdgbfcCRQD/HyRhUd/o="}},"1XDMe2WaJKyMFtvGzb8inD6sXvHdmoaZJkgwUTlULpo=":{"valueMac":{"type":"Buffer","data":"nhw31Bor1guwfCvNKEFlUHxfF7OnwQp96oCv3vzHbAo="}},"+pgHR+jRzWn9lyCavxAqYta8Gt40zeG/atj7/VfQLY0=":{"valueMac":{"type":"Buffer","data":"O7p33DoeJkJU8xcdZ+AbS8k4LeAaTsGSafWmH8M0sS0="}},"Rfevs6S+Scv3Be0aRD7e+85K9W9x8CdJnAnKu3G0e/4=":{"valueMac":{"type":"Buffer","data":"E9zQ36Stkfv3kfikOUTZ/af6L6IZwfxsCkhk/JM563k="}},"B5VNfnzJYUHMQztSoKwCZApuCvZw5KYjJBLTaoFHNQ4=":{"valueMac":{"type":"Buffer","data":"pyX649UAndE4i0wUS+2jjUuQK7R0hu4PssrMXPb0Gso="}},"GYzgDtz330FUYPiz/8g0DPEfrHCQQP32RkKJc10ajV8=":{"valueMac":{"type":"Buffer","data":"hnND9d775L4owQdW8nH2cvHFAveTCqxbPba/58KqRdc="}},"AvoOQIU1tG75DXb2v/lbh/fa4pDFoBNiYG8HNUZuqy4=":{"valueMac":{"type":"Buffer","data":"/0OJVgEk17OAuoo/5QOVr11TwosB4Ckb6IyHJ6JeeMM="}},"7g+w3COUb3K8iTxU59CMY91DkljYK/58V2IM9YSxOiY=":{"valueMac":{"type":"Buffer","data":"qstFfUW21/KycCXi3EDlnkzhFhMabsL8pRPegJ2vCoQ="}},"3C7/Fa/Xh6Pnqj3OnbNd3uI5+SzSPFuRxqLBc0aV7Ik=":{"valueMac":{"type":"Buffer","data":"qfaP4EJCu4ZMmxHiUuqUOQMZyqhpQjUFL4+5hhyyfJ4="}},"+H04ozPyVb94KulS9dIAdnJ78k2w5zktjABxW0OyAAo=":{"valueMac":{"type":"Buffer","data":"v9v5i7hNREu58RoOuXz4fQBPHlA60nNjmNnDq5zddf4="}},"NRpVRN/mDiJSpfcdcBiVldeJZgE3uG49xTjxd3TrD2M=":{"valueMac":{"type":"Buffer","data":"p+kcL7Y4st8PydOUnukzShQgtjTxkEY1bTZa872pwF0="}},"VRZ2NozOm4EbADSQNEGhmfxlTy4Rjs8jpPqLWMzxpEc=":{"valueMac":{"type":"Buffer","data":"TyFBJDOsBAgbU1EfsQEuMg0YmFY9ORyJvBFQssNtP9g="}},"pX9/ngzFufQ8wC4t2xi3uNoM5EOR209xa8Co/FUnbEY=":{"valueMac":{"type":"Buffer","data":"jYojrH5G/BXehdOd0fNxKmxAliCtbocFVEc4iciCxhA="}},"z76ADSpp5oFis2ch7qBeWWY0lp5tO0wjnEwDPkq5s+w=":{"valueMac":{"type":"Buffer","data":"4InS1/FuzKDcbyU6Mi8ZbJDYbe/m4yHesuBI2nstr0A="}},"f28KuSeF9fxcdKFEAaYtcoMU7mQ72B6TsUPulsSMFvI=":{"valueMac":{"type":"Buffer","data":"wbuiDZGB/OHhkzO/ZOkCNf4DfYRLxcv4k62VfR5tJNc="}},"F2MhrN4PN81EdbWd1njjExbi3eEaznHdepwYRXWe0ME=":{"valueMac":{"type":"Buffer","data":"2tfJrQyzwrXZ1GYOrUzzFFoMmoe9XJGVWSBxjh0WneM="}},"QYMGcBHOgwUcLYSoGK1Hh5iiCKWKKwejtvWOJeySBdY=":{"valueMac":{"type":"Buffer","data":"q3xlq67MG+LnYKABehhcJm2IeEE5g9bOZN7uCuLOmos="}},"14eHLE0UxALfsDrhBKF04ha5XBig/LSC6Nv3WGBuOCw=":{"valueMac":{"type":"Buffer","data":"Er9Pte1z5dMEo5x0IJcVnebWjL52XZJoUwOEahD9vVo="}},"QX7tdg99VX05Dq/MA4LE8x6QcMmItQ7i78fJkdPQxoY=":{"valueMac":{"type":"Buffer","data":"aDu4t3l0T5Fo0hDKQljn05fkqZ3wvteDNDMlLs8zqCs="}},"ASTBzMTVk62AZP+UpVH6rj61vs24gKRAycTPqZ/Hzs8=":{"valueMac":{"type":"Buffer","data":"NQrwQ2jqsUJoPa5npIHzyr6Lvmc+FfwSCc6L3z1Y4Kc="}},"t6JTHAE82lTA1XdmCGkRfjurZ9xy6I8rdIMZ+c08nxs=":{"valueMac":{"type":"Buffer","data":"qjmj8AfP4SUaozxRuy8Qn+VFKQR4sn1171IBAt7dE9U="}},"PRiOIx1vuSBZwIlq0QYsfmK5OY1dDgHExedAfjWwzC4=":{"valueMac":{"type":"Buffer","data":"aqgTT680eq9depKSeaWEHw2fQxjDPP0BYshrc9IDulc="}},"MCNhcZR2Z+fW84KRYqADgQcfzbpx/X5RefEB2eS4FcY=":{"valueMac":{"type":"Buffer","data":"uryL9HZ3mmvY+JSgapz/d3z3KrXTahqSOKXfBiunqCU="}},"jw+rFmB6PHJaeNwGNZ1n0GtBcOrIVQtvgt4lm+3JcEo=":{"valueMac":{"type":"Buffer","data":"NJ8UF5/1slMHay/a8BPHynqD/rfg47tYTg1fNPzPoZQ="}},"axmznjrRqrINOJzxMN/j+WvWmg1ZdDPLoV5pdafW71Y=":{"valueMac":{"type":"Buffer","data":"MyjMU2XebgQY7AfE+nbSFw0cUCkbI9J63/QRUCkEAKo="}},"zeweuQvTmwHjHw1Cgszs8zKbvXC4/iQDi0A3K4Fkcdk=":{"valueMac":{"type":"Buffer","data":"oAJ8h2j8OA0bMrC+Wx7T9fMzC2w+3mmSGtz50HSA030="}},"aoLXZcaBzuzUXV1NHMZrWGQfNdYVolZ9x1nDNkGxAVM=":{"valueMac":{"type":"Buffer","data":"YtiHc5/j2UbMxsbEe9DsVLiQ69zD3u7xBuesPYLz0Dg="}},"ZylCBb5g7c3mcsREigBeeg3K6PNTtI2rqxltACBd48A=":{"valueMac":{"type":"Buffer","data":"+eRW9VuHW/y41RV+NbztNdki6k0tCxfe/Wrf9DJ9488="}},"tZEp6vkv/h49U6JYYSRfBoocaPNiLrZ+5CPlTo9HB28=":{"valueMac":{"type":"Buffer","data":"bmSnszBnrJd+16qgypdDSJxY+phovdu7XqMzKhv+WBI="}},"hTfjqpYYt1/IgHfCc8sWeiKdKAvSfITqoALGU2trEgA=":{"valueMac":{"type":"Buffer","data":"PKEQuDVgIA6N561VIPrNrEvbeH1gODTHuG6lIZ7YftU="}},"4Z836jSPfuzp/yzTAFk84rFZQEGThWL+dImnylR4SOI=":{"valueMac":{"type":"Buffer","data":"wAUjth0QZ/UpXMs13bOz5JtRn7kcman+J8YzCSr0Jgc="}},"pcXCzS7if9Zkn6UbKxh/mbLCI39OTTzDTuwZGNPAFSI=":{"valueMac":{"type":"Buffer","data":"+zE+RR/yHXbdBYKZ8ufZBh/bYUcMnlRkkqcdRCkPQzI="}},"xLlHlXsr896n2lC9tRij5fhii9QLEI33TKqodhBUumE=":{"valueMac":{"type":"Buffer","data":"6cQsv7c25HtKzg8JZZGJPVwpdylXZJoNp2CwQRZvTZE="}},"QA8YIhNT7p5yIfLiu10+EDmASGJ0zH5PmGJGlHlVP+g=":{"valueMac":{"type":"Buffer","data":"/2ETYBxkIv9afQMSIeWXu7UHItoympW94BDKEOTezIA="}},"5K2+P9+kgojAOAmKaSHkWfv+YeiscppiB3nzJqucBFs=":{"valueMac":{"type":"Buffer","data":"edgmgqyzCTxtrtgi1ZVmbXo+qoBuXcC8N9VUAdvjCdk="}},"SSJpSE9jBSNWkpNEFeD6V3NsH7Q/6EutJSMf+UZIWu4=":{"valueMac":{"type":"Buffer","data":"Ahf0i5JwRElFCiV/i5mvP80gMdEn4CeTgGznQwDCkdQ="}},"Rx5uUpQY4FnYWLvnAbyi3lc+WBchg2xYAlrpMPh9fv0=":{"valueMac":{"type":"Buffer","data":"DOEc4+Ze9heYFOY2HL0XsXUYoKgi51moMK5jOMRRIC0="}},"ATKsAfKl60Tn8hmUTN2Toyr2XS3EckA3l0jCcXY1+og=":{"valueMac":{"type":"Buffer","data":"3tMoTiAVqXp4MgVN0cGfNTth/ypR2VIE0/SfXo80BQs="}},"svBFOXJgbs3meatC+qwddPU/3Yc2OzPzb9PiY02woL4=":{"valueMac":{"type":"Buffer","data":"f8itJAxQwwo4m316+qMwV6g9IXC5/ugynHJw+GePXyo="}},"xmDorNLThcScbyzpCzr67GdB4YEx4s/j+DQxmnHWCEE=":{"valueMac":{"type":"Buffer","data":"imwzGeQ8D7F+GNjlzjGcz918cywpL/7FkxSvALBI5LA="}},"uewHwpSkUEMnfRr+7QYqtYFl4lJa/qTfzlTw2pig4dI=":{"valueMac":{"type":"Buffer","data":"Sqgodvim9ssDEWarNNqc/Ww7SWbYUuP8yN+kQbH08vQ="}},"Y1NvRW8KATU6aU0pXpOTgd4uX4w5bmoJ2hRLoJpXDCA=":{"valueMac":{"type":"Buffer","data":"/jxrLhVcqNfWAaCmkKAKAI03boZldKFkoe+w0yOyjEU="}},"RX0bVltSXDF6JK13kUJsMNBnliWWefTzHcxt9HcjtE0=":{"valueMac":{"type":"Buffer","data":"EnzVxsxpaqHvU67Izge01YqOyc/S6T23v4tXqDX/cNE="}},"eUC0kZSxcrnqGgbtdg67mYNrd+SBydBr3YfYdLIpwlk=":{"valueMac":{"type":"Buffer","data":"oBx7rDjm3zPhq9roPnfScCM2awK9z9lYOLXLyBffkKE="}},"wV4sGATWrEcjQfXG61ciyAT++TluwyWWZHys7uCG/iM=":{"valueMac":{"type":"Buffer","data":"BHr2ctM/LqLBeeYuBaK/Wa8dfhxa0Zt7KJ0PJ3GgVPI="}},"NeRgqxrTfQduGmJD/ynHgn9bDo0ok9tLs+iteQOCBug=":{"valueMac":{"type":"Buffer","data":"9hGl4s/Yi5uMbXVcEbc+Ww3QMXyk+TByBRuWSN2i6Po="}},"KTNMv649JjCmQRHqRIddlT80L+G6xr7pi3+/bf5pHdE=":{"valueMac":{"type":"Buffer","data":"mO777naCJZzuLZprrw/zGxB2mYvLal9IbAxr+KZWPrg="}},"zr2cHpYSsY2rwwH2WjTG5/2S/7BvNl9CoCDZFKfpNh0=":{"valueMac":{"type":"Buffer","data":"wWoCjKkz6YorVAcJ11D0Zc+QjL7rJWnX358k3AYEpWU="}},"H3i4l9yJ4wYoxH6yYnBCDogIkflE82zOl9C5vyvgMag=":{"valueMac":{"type":"Buffer","data":"S6FF4bv8bppQIDj250i//QS/wXkTar8dKTiNuZLZEl4="}},"GLL+MMtIb5F+CYYaKfvP5JmHhM5hV+NRkToxcH1duPA=":{"valueMac":{"type":"Buffer","data":"fltQeOpBwopAk/YS7dOCOPpog9h0Vo3fVqtNEIIVj0A="}},"sCu58535FGEMZkDXk2u2X+0zlF6GIc0y7PckB6XylSU=":{"valueMac":{"type":"Buffer","data":"ZDg0l7u/rsGyFHsuCpFTpDoKRvL77Ao3LWKvvJ2NMbg="}},"nP9/i9exxohFITREXhIYt7oZ1GanFQcILb3VoOFs/LI=":{"valueMac":{"type":"Buffer","data":"jJMfGPM1BilhcRR3+gD8bwM3s40XvLMe+ZRjY0WMZAw="}},"UsDMjIiSNX5pIqEGRbaST1iRM81mZEjw2B+tDG9ZcKY=":{"valueMac":{"type":"Buffer","data":"ViF6CdT8Y2Q2Rxk5wohz7XD0eMhord79t/wMP9W100I="}},"q6kr0lDaQ4TKn5vV3CiW2MM8SznszrjRqnQSL6OpuSk=":{"valueMac":{"type":"Buffer","data":"FTKmsI2hnMbyU1WvDJA/hCwPQW2m5XCvpYTOzlzwDUY="}},"RuE9dp6W8pyDBqUIXl+w2PyJelKpo/x6iLWRFj5wpWU=":{"valueMac":{"type":"Buffer","data":"Ro/neVjktFF+RQ4GHxtavI08g7rvgo1pUqJRrBl5Wt0="}},"oGNTL0+oTJIA10YfWuR4IFf5FscF/KBRR6voUqStUdc=":{"valueMac":{"type":"Buffer","data":"YUt+rIbm3pMC7Mf52H+xHgxCZUbkXGwcCiTKjBlrh6U="}},"bWX0rqQXRRJqMKbv0onTYW+czIahiFCBaZ1AIi6HWfg=":{"valueMac":{"type":"Buffer","data":"degVjIT7A5YrNwJKqFl6DyL/HomqNJko112MIhBDxSU="}},"pPJPdyNRj2wQr++fDRy067YuR7b83G+UbTSivZHEkFU=":{"valueMac":{"type":"Buffer","data":"HF5zaMzIk38Qz0e6NewMMlaH1T/0D4OvVUjQhMBa53s="}},"vezG6HlfzpoF0ZKjt9tZQS0eYQlYaTrMLNS0SSCcBj8=":{"valueMac":{"type":"Buffer","data":"pbSKmV421V2eMBZcxqotWbKbLgzWpr46uujLN7RzA2c="}},"tb67VXtDvl9HnsoyP2Y9/sUC4G0wN7vMxh16CbJTvrk=":{"valueMac":{"type":"Buffer","data":"2alOzMKenRxr7kcyiyj4axjsbgjQwJxiNaaPVEjh9/U="}},"m07KNC++LF3jydLjE5x+N0X6EnDp3llVBoX4+Whe+14=":{"valueMac":{"type":"Buffer","data":"9pYwTTdhMMr+dTPehqwHkLZdLAwJqPUmbroSCwaXN44="}},"BUfUDk300wmHqQ75o9stG1teTcsVqe9RFUWN+TA6Wyw=":{"valueMac":{"type":"Buffer","data":"XhShadZ4WUgaRcRSjBNt8W9KO8Dcv2ShIGLTVH7cWzo="}},"Js0JJ6IjH2whU1bTH1BANggO3Ot0OGf32ATahxW9hmQ=":{"valueMac":{"type":"Buffer","data":"jByn6YmA4RDbx4PxhNMgo4vgKYrzNLEzQCtZb+auC34="}},"fFjMRsCeCpB8fPB4Am/rKqWTFj/LWwbNrMLIru33wN8=":{"valueMac":{"type":"Buffer","data":"Xxriile9U+iEfHL+9SudwxYjHm2MYer6KcvEnxM4Y1w="}},"IOWGm+WLFau3jtRXc5Ym7Qm1aBb0lH0tZHeIctblRGA=":{"valueMac":{"type":"Buffer","data":"MD6YmTo7vVD43WP/Ex8fW1CHng0tHXNNE3UfTZoZzQ0="}},"mqGNGq1D5HYnDvti7mX+cBaUz1stYK7D85f/cFzUfcQ=":{"valueMac":{"type":"Buffer","data":"VTARjjohBJ1UoCBHmlB8LNOoyTtjyK4UYFvQa46wt18="}},"JH1Hdu/NDMxeZDWjE4eshu/L0p0msGI2lPCaepfMhzc=":{"valueMac":{"type":"Buffer","data":"oz7Hx3xBRL7v7zfebbJId/tg5mUe/aNTcGMCyMc3Mc8="}},"cMYO8jGDBmUYGoLh7fMSvnasvwJN9JH+QnAE1toH8E4=":{"valueMac":{"type":"Buffer","data":"ewBBnIfHinN9YsxZq4BHT0YnwQlXSKIyNV2xZ88e++k="}},"F0FRlYgA5FJvMxxWP73rJjL4cy1WUVBdHS8AwFX0HbQ=":{"valueMac":{"type":"Buffer","data":"StEVOJJoD1dYwkqyat5KlRNOiR8NxJD2hnPdkpS/7zQ="}},"VS88QnGGQy/x5eQi1OnSLxkS3uHOEN3zjfC3y7SvqDs=":{"valueMac":{"type":"Buffer","data":"MaQFLSPcx3EPdQEi/xnWOiurou1kaz7irD33DrlQb1I="}},"U6JxW70VzMuBlPqO6l8TcMi+mcFzsZ+Z+Kt4iLNE8RU=":{"valueMac":{"type":"Buffer","data":"rjg1Dw5FLLTj1Bbhi1QamNoRM/ccK8Ic1q9C2eqo3Nw="}},"iPRUC+pWhSloUnm+DShse0VuzD+muz/hZcTP49I1J80=":{"valueMac":{"type":"Buffer","data":"Ul/dx5SnTVNXL4VsdySCVAYLj45eoDbYm7iO4eKz2ZQ="}},"U2KH7PLjyMeZO9qx7kMOtZ+MW+It89zx/gT9q7egTX0=":{"valueMac":{"type":"Buffer","data":"fUPNgHLQ/2903Tv1J0K0imn3wEc/J4MnN8t1WamxLqM="}},"bCSpLVCJfVIydN98JJ5x3kI6uz8EHOJzabJrqP3fbQw=":{"valueMac":{"type":"Buffer","data":"nQVUt/O+OOezcQdlQE/FviZgpC1zzfj9JPnepOdFqyg="}},"v+va2/a7L5jPkGlA1KNLpCSPIF7orWfuVuvBR4PwTfo=":{"valueMac":{"type":"Buffer","data":"nTLGJ7Zyo5hByE2bH6EijB9WddKpR0LFbkmBlbtE7xA="}},"lHfiuGGpu4Jl4M+tR/y8mwOxz517Fu0VzC2hoGpEoWU=":{"valueMac":{"type":"Buffer","data":"xpxm6nUJjkFzcb9YnILF68rNzsiViwkkvbmL5romDVc="}},"K2LKtpBt2M5n0STmA8kS01YNIeSEifGbNgAhmFzk5Y4=":{"valueMac":{"type":"Buffer","data":"MwrOKPCLfJN0gO7iMJ6Hs16aZo7T6xkZZoHCKViRIWo="}},"91z/uYqhup1kLhx/FkDN1MCnuWvKm2YT2gTjFsmAuLw=":{"valueMac":{"type":"Buffer","data":"2+ypiaqn1o2UxmsNzcQ6CRqL6yz4OjyH6mwUkGhi0MI="}},"CrSZs3fNs4lBmx7JtSErQ4FViZB7Sso0E3DniKJdtJM=":{"valueMac":{"type":"Buffer","data":"a7znHMXQa6H60HCsyZEdn+5x9lM1S16Zxdxp2UX+5YY="}},"KtYvgtj7IfQG5SuAxgfkAn8GcTIblp/v3fyI6ruS8F0=":{"valueMac":{"type":"Buffer","data":"nMGiFI9L/I0kH5zpN7cTQ/82uj9lsngUfyyuPGYwJ+s="}},"ooBEIK33RzodGcx8mb3u769iJybkcrRYjfU1Fen7QJE=":{"valueMac":{"type":"Buffer","data":"hLkKRu/AUEOwJtsqtcbfpTED2bPJ4h+SjspIlK1MmoQ="}},"rJlROshVlmkh6hvJe4Z8cHDiz/zxRBKJY1eFnrN0uvo=":{"valueMac":{"type":"Buffer","data":"y9MIMQoIIF+43B2KN2kUf3bLSU9hBnnIvCm961M1Gjc="}},"h4sQzJtbZplN3QUsfT+BRZpYRr0uw+UMF82bouVhkyU=":{"valueMac":{"type":"Buffer","data":"Kgl5JiOMS7XjQ251hRIpWdb+QMMe6UvZBGEyrPCzBxw="}},"OPEE3/xS4RJzKekIxtu2WTqWPirsi2jg0daK18xJDpc=":{"valueMac":{"type":"Buffer","data":"2W+EnpudPofGvCtxxN3zxJg/fVgPE+sGBmuDnjKIzS4="}},"6dpqbGrArZBHKx/Dn+zLYxaANty+1ZLiJNqfMknfOuw=":{"valueMac":{"type":"Buffer","data":"Ct461O2PH8hRtxW9PW5SnNCx3qDj0Hkuc9nAr9gFKWQ="}},"mbnGuMvYrek9747kgDWouDoQBMoyNR7P0o3WsUrphak=":{"valueMac":{"type":"Buffer","data":"3tIbriDiKQDtFb4A2JN2JKrd6yBNWF5ZRxoVqqsG024="}},"bAWXhCfn/eQY5aDj2jZDe1X4B++t3Q4d+vDtnuHOVLM=":{"valueMac":{"type":"Buffer","data":"CdWNPJcdJwpcLE/SItMK/SiZ0I6UljaLPLsxQ3KDZ1A="}},"I8uox+GUg7AVvtDOunLPa/pOkO0y2diWkvH+HMdaas8=":{"valueMac":{"type":"Buffer","data":"nXQfpxFD2Z3ikkmGf/8ZvJE9tR6AEzrsGgaZSon2syw="}},"Rky2vqZHbtnnsndt7vV8H6UOou1KGGoRCh60EvhZRKU=":{"valueMac":{"type":"Buffer","data":"IgX1bunXwOXFVe5BPwnSRHHkQRMlohnMp65YorMj8kI="}},"Jx0NKD+e/o1iZg9BxHGf690i/dFS38WDcdrXVtI0JT0=":{"valueMac":{"type":"Buffer","data":"ropLKzMnlQysaFH4DEZzEApVzeD574+6Zcw2QA2azVg="}},"VzvpbI1Lig/ySebt0d/LC5g+mKLaHgDDibZWKjhn0LU=":{"valueMac":{"type":"Buffer","data":"fBmSE4ogBl4RziWYgp0fVpHnL3ZPEB1NhdxSK5RPdRw="}},"t5Io8gS8bHrobIDPg1QerxYRU4j3OyBOA0wl+cT3mok=":{"valueMac":{"type":"Buffer","data":"CQHK0f+QuA4w1WluHU3CS5FmG8XlF3JDEL4ZUt0MXHM="}},"eKrl9bTtSmqZra7yAbEDh0AA08dxC2NthweVuw9/oJ4=":{"valueMac":{"type":"Buffer","data":"GwyntIjYisK5G9QG6/wFqxqSWDr9UFWD8gDCGHWp+Fk="}},"x+nXpQiLqa0p6jkH9V7Hd1oFfSgqRMTDRgRou8uCt7s=":{"valueMac":{"type":"Buffer","data":"KKDvEm1pZV38l+CJu1L0M6BNtgVgGGep2ZROwbaOSdA="}},"ixYZ+DI7YXM8G06RzYj003eF80Os+Mm/jl2PgefUNIQ=":{"valueMac":{"type":"Buffer","data":"pneu0YygdpVOGzOr7CmmPGNdpJ2Kp5/5BdX0NTxEE24="}},"eEqbfU7eKlPVDwGPMnSlDMXwJU229oydhRff6khhZww=":{"valueMac":{"type":"Buffer","data":"y37kWhEcD4C4C1LCmcU13lgWOlKzwqY/ozYjSVgZo8E="}},"CIKWh49xOMXT6XmHB31pHx5gn56Fj/xXUgccDaIQNpk=":{"valueMac":{"type":"Buffer","data":"YflyjaVcBHp1YthOCvjh7vCvP5VYBwOsD4Pq1ZYMT78="}},"cG4s5XM1OR4K2VuRQlK95p8lnmQTUbmwX8CGq2Z0fvA=":{"valueMac":{"type":"Buffer","data":"fnjXkKHTvVtS4xGhx7X3e2uno6VAi2qkv9wllRUVbPU="}},"IgKEfJiyLJqH3f3GHs2R6efg5oD6BaL9EKq3Ady4UYo=":{"valueMac":{"type":"Buffer","data":"xSD/5kfgqJro9JO0zWXXZNenf7bnvfIOBXCQ23jVt0c="}},"cx7QONr0fmdM3cSh0rVaXsA8XkzFa8e1aEPmiVJ3Pjg=":{"valueMac":{"type":"Buffer","data":"Y9ic1cjtYBTdkMoQAgBfObfNTpkf4swir7ZIp1hSjnk="}},"+c/B/5XzkgWtMaLAUIbjYlffxtWgxTI3s0LAhgQsDQ4=":{"valueMac":{"type":"Buffer","data":"0riGN1nzmqS4N4wGJdxWmA3Z9LNgQ0nBu3w+SOLNtCg="}},"ze0fhEYFvfopxPpBNS/zzZmGIGEKy5e9/a8wlCS9occ=":{"valueMac":{"type":"Buffer","data":"5ei+kZLW2kgV3+HkyMIo4+aAr4DR5rCdi4fFCvurJYE="}},"H0rf6v8MGctVZv3p6JyYIVvNlWBkMhyAut0T2xXL88k=":{"valueMac":{"type":"Buffer","data":"KYFR9spMYsoYTB8/LwG1qZkW6TlroHQuHztRPjmZXkI="}},"ScvWQiOCAKLzguvCiwaA8b+3ass2ASNvBpMsfkdms4k=":{"valueMac":{"type":"Buffer","data":"ZWeovXdh4avd2h5KtEbYkIzN6RbQkbQlCGv8ieW6X9g="}},"n4n+N7Ja9OE31RMxgzKJ0QOxtdeTi8JDTJ/rsuuCrpo=":{"valueMac":{"type":"Buffer","data":"AJsnk1i7jcsmyCAA8T6j7fJh+QZEXz4wqD6hwR9XoNU="}},"FiNmnGarYXAMcyg11SmSmE92XeyNpjcZzydmF6p76L8=":{"valueMac":{"type":"Buffer","data":"t66ihT3nbi+F6i6ZHzrSld6BWhQgtv7RgIrxr7LTKHE="}},"L8Q8oCahQEA5FvKq8jr8+v5a+eB8yJLvJvDFMWbKbM8=":{"valueMac":{"type":"Buffer","data":"KP5tr07meREFi9o1pFPKVOaedx6ux8xYHnCC6UT7Las="}},"p7DkVyzifpmAEmgjO3vA6ftgcJhZoqusSZ4BjxmgycA=":{"valueMac":{"type":"Buffer","data":"bv+9K2HTFfgKlbcGsPd3CbrlIdm92eGg93Ddou3bK8I="}},"1vfUm2y2/sju9XL4q12Aj9CkMTarSxZW2mRp4J5gWlk=":{"valueMac":{"type":"Buffer","data":"oatYYmpVR2IpiUBgliiDjnFCNHPRaZMLD46A5SavdlY="}},"CSCizS6uIygQ4/OzHDLvXYUKqhEFNjMEQtEsXtN+XI4=":{"valueMac":{"type":"Buffer","data":"ijtvYnIUAnUGc5byMnYlWZbAyH5jfSgo3/70mTDkI1I="}},"DWV6tC4E73FYeTwm0CPZauBcmplXxe91NYOETh8tLAc=":{"valueMac":{"type":"Buffer","data":"9F5UkPhrOtb1MEJHQu2XxuCv2ZTqBzkk1nkR4DaF93o="}},"SCQjrtbUaT4LdfKShSyIZPjUmool9yMeCbiojfsMihg=":{"valueMac":{"type":"Buffer","data":"F8wwd6zYTbXVj635WMEqQfbBX43wmu9y49qn4Jmy5cQ="}},"bL7XyBVaUMPWHfVSfrm0vMaBhEgT3lCKt7MePTQDvtw=":{"valueMac":{"type":"Buffer","data":"A5a93AKE6rEgG+yb+pEpcPmtZZZvykh3kGaSCSJOc4Y="}},"9I+ytt8hlJGeYvM+rEPLI20qdJep2UJCB1uQ0J1zlog=":{"valueMac":{"type":"Buffer","data":"0XXUiWzF9/64aE8elgAvS6KbtvJ3tju3jEJLJNC5jnU="}},"a14dMxxPSkHU9KdtzhtA/tQiaDrd+2+hpODA3CNX0dA=":{"valueMac":{"type":"Buffer","data":"LQwat04A7MohEWiCvUHVUS18wxC7d3u8f1uuZaYH/OI="}},"79PN9uBoida26eG2Go2NaWEgtoQ3+cYZfhJjiMcQKj8=":{"valueMac":{"type":"Buffer","data":"vb7LGhAbJmbpKcNbpZ/geaj5RakAxVHgX0FqLa+RUDM="}},"ZRIz43nRqHRgmE6FPxNdZ5pEo+8FOUBCBoJN73+m8Gg=":{"valueMac":{"type":"Buffer","data":"zA4rX6+nACQFxwspOc1QtQlBZ2pvtl9rdn3szTZbd5o="}}}}