{"version":2,"hash":{"type":"Buffer","data":"HRpfcL/l8RPgdyoJq1tURkr1gdwdyrWwfi0GhmowKSL13iNOGRwjecIkgOJl7AzFaYVuxxm5r7rmgYnwulFwO9jsKI2KGuTkRcJjnAIVSvU4of5U7Qp8kEgOpHSAtxao84yfrPkHXjk7s+C+zS1HgkeudVpfhTesw+3Z6fRlYo0="},"indexValueMap":{"08rw0CRs4QpYv7D1xTaUK9Q5WhpB/+szOb5DcLMteqo=":{"valueMac":{"type":"Buffer","data":"8VYifqpPqerF9n9zZju41T7mFGhXUHzihS57xhwQqa4="}},"xo39EhAzXpWNeJX8X9a2psdyKMh7xZw76K3qlQOkyeA=":{"valueMac":{"type":"Buffer","data":"VWg2X20+n1bn6EPazcAcSLQNIXVYoheQk665aqIQdKs="}},"wnMHWA4C6sD0AK7cV2t6iqLcXHqgd6ORI+iZx/p0bJg=":{"valueMac":{"type":"Buffer","data":"lta3IgGEs5uOTpTPhDl9PzVKWtkDC69EZx0O0p7c85Q="}},"J6hFS7whLghh1DYKTJHPqdpOcSXgU8EwSEZl4NMfEhs=":{"valueMac":{"type":"Buffer","data":"9hGizTH6P/wIbJVCQ5OkHnpyuhx4lN/d6N7y4r/GWg0="}},"O2DLjEkk/nS6BCCOidN1/M+65x85XennznNrhJoi0yM=":{"valueMac":{"type":"Buffer","data":"b1CNApWFdceU2XIZj5W5JyuKc2zj5+2v8ww/mrNl4t0="}}}}