{"noiseKey":{"private":{"type":"Buffer","data":"4CI8tZpv6drLONnQ+6dstx3VPkS0933IEKAx/3O0QXw="},"public":{"type":"Buffer","data":"UETePFG4Z3f7Byr6ZncScO2uFQzDxBQkItmeuc3Ssk4="}},"pairingEphemeralKeyPair":{"private":{"type":"Buffer","data":"8P8o7QP3LXyBdKZgJGEM0H7aL8zdZDyXzzqzl/wtyEA="},"public":{"type":"Buffer","data":"DkzGX32wqVVSxADIMQaHRl3LN3qmXfkmWBALntlV/jw="}},"signedIdentityKey":{"private":{"type":"Buffer","data":"WHsIzdjdRBD57k0JwDGRCahu0fHSufwrpiWJ6dZVF3M="},"public":{"type":"Buffer","data":"tQxPh75M59eKHLvy7hxW5j582jt55MlHyGZkeInEoSU="}},"signedPreKey":{"keyPair":{"private":{"type":"Buffer","data":"mMKHlD626mvInzfz6ORWQbmyr40Eho7LCabcmVA1HnU="},"public":{"type":"Buffer","data":"BITLLzNLKtuW1/39ovwfVRQNxKMCBJz9e1OT9ypCIT4="}},"signature":{"type":"Buffer","data":"hOsJfrPPXlzRr4+ks/75kUrKyNC3wVw2Wh8n1gGTRZdOF3O8Tb9KebndzBfrUJG0oywzO6IqtYsJYAl8IMXNgQ=="},"keyId":1},"registrationId":171,"advSecretKey":"8uIYVF59wMq5bPkOQrhhJ2Sbqrc1dd2cNY9yJGoxAb0=","processedHistoryMessages":[{"key":{"remoteJid":"558599869032@s.whatsapp.net","fromMe":true,"id":"9B4F70AF7438F0A18587374407EC190B"},"messageTimestamp":1699827381},{"key":{"remoteJid":"558599869032@s.whatsapp.net","fromMe":true,"id":"F804569D807B32EDEED031555E3BEE57"},"messageTimestamp":1699827381},{"key":{"remoteJid":"558599869032@s.whatsapp.net","fromMe":true,"id":"953E7850CBA7F6FB9CB6F05AC13AC6BD"},"messageTimestamp":1699827433},{"key":{"remoteJid":"558599869032@s.whatsapp.net","fromMe":true,"id":"A6593548E0DCED84FB02DE6751E9944D"},"messageTimestamp":1699827443},{"key":{"remoteJid":"558599869032@s.whatsapp.net","fromMe":true,"id":"9F5CFEC007ED4A6DA1F343CB29DA1635"},"messageTimestamp":1699827445}],"nextPreKeyId":31,"firstUnuploadedPreKeyId":31,"accountSyncCounter":1,"accountSettings":{"unarchiveChats":false},"deviceId":"YZIGHtTUT8OEOkLi58rtrw","phoneId":"58a3508d-d56c-40f5-8bf6-4a7d0d6e61f5","identityId":{"type":"Buffer","data":"CvKDgxQeyOeQt2FG3blmd5J2PUo="},"registered":true,"backupToken":{"type":"Buffer","data":"/5rDChvhF7Vnn87rHzDxXgSAVjQ="},"registration":{},"pairingCode":"LJAF4YVD","me":{"id":"558599869032:5@s.whatsapp.net","name":"<> Lucas <>"},"account":{"details":"COfi3IUGEKydxaoGGAE=","accountSignatureKey":"4Bt2p7OcRmRiAOUP3wI/y2IUYCiKkLkxmfNZTrI2z38=","accountSignature":"r+3HP3qQ/7msOOrSGYagiyn0lLAvHPEXooAlWAIWwNio2UhkgarcyMl+PMEESKo+gtFzzgBa+aXqJJK3zhUJBA==","deviceSignature":"n1E63f8lpGwacSUjtzPrWgGE+h4D69PGcPAMJPedd3f7ne5Xu14hR8kPC+RnQ/cHKLfp/LmhUUdHfPiL2Emqhw=="},"signalIdentities":[{"identifier":{"name":"558599869032:5@s.whatsapp.net","deviceId":0},"identifierKey":{"type":"Buffer","data":"BeAbdqeznEZkYgDlD98CP8tiFGAoipC5MZnzWU6yNs9/"}}],"platform":"smba","lastAccountSyncTimestamp":1699827379,"myAppStateKeyId":"AAAAADkI"}