{"_sessions":{"BR1jFRVwFkCfSaRYVBnDNWKDCc+LQ+Xvw7RTyRzkNAlT":{"registrationId":2039844517,"currentRatchet":{"ephemeralKeyPair":{"pubKey":"BXzwLVTDL116BNGFtiBoR2HczOERjY7zlwIXfCNy6dpS","privKey":"UKScauHWxPtjowFlDBtA9YmIzDzlXQpIRrT8yrVrv0o="},"lastRemoteEphemeralKey":"BeGdhRXXa/BbZcszVNPFiJSWUPanV/WQ3O/D7aQHGU0B","previousCounter":0,"rootKey":"+eRvbEQMv1d1STyyxrnwEtTHzZwZYRtDPzy7NJLrjXU="},"indexInfo":{"baseKey":"BR1jFRVwFkCfSaRYVBnDNWKDCc+LQ+Xvw7RTyRzkNAlT","baseKeyType":2,"closed":-1,"used":1699827380969,"created":1699827380969,"remoteIdentityKey":"BeAbdqeznEZkYgDlD98CP8tiFGAoipC5MZnzWU6yNs9/"},"_chains":{"BeGdhRXXa/BbZcszVNPFiJSWUPanV/WQ3O/D7aQHGU0B":{"chainKey":{"counter":8,"key":"iGCD/V6dcKv5SQXKo0MW++TaMWy95w4YCNC6pVW8Cw8="},"chainType":2,"messageKeys":{}},"BXzwLVTDL116BNGFtiBoR2HczOERjY7zlwIXfCNy6dpS":{"chainKey":{"counter":-1,"key":"eeB78sjie7zAQfOnaSEOqGdMxz3CQ4bvhXl1eCnZZiE="},"chainType":1,"messageKeys":{}}}}},"version":"v1"}