{"_sessions":{"BVC2sVK/eN4LrzeaHA942vPbd2u5giAiLdzR2L0i0lNB":{"registrationId":1024757656,"currentRatchet":{"ephemeralKeyPair":{"pubKey":"BSoumrHLJeK1cdKmJz5LOpKNRdvqTwNxZH4mVGDMj3IW","privKey":"aCkXZ3zYHR+elf5khIITdS9azXbRk/MWmOeZhS3Sz24="},"lastRemoteEphemeralKey":"BeUBtJjDUwhH4gV1ZLCTEhDcvkJovc5kAqTsKiHzWPNW","previousCounter":0,"rootKey":"cnJbOD5YhNminL4Rf9vFVsvn8qiWDit3e0rRY+nvu4I="},"indexInfo":{"baseKey":"BVC2sVK/eN4LrzeaHA942vPbd2u5giAiLdzR2L0i0lNB","baseKeyType":2,"closed":-1,"used":1698187565499,"created":1698187565499,"remoteIdentityKey":"BXHWzM4DQVDtWNLlTJ7+LWRCQ6o6Y7TorPrYos39FdZU"},"_chains":{"BeUBtJjDUwhH4gV1ZLCTEhDcvkJovc5kAqTsKiHzWPNW":{"chainKey":{"counter":8,"key":"HaNjBu1KyA6jmqAgNScYCUKLuvq8BnyolVAG1Fr0iLs="},"chainType":2,"messageKeys":{}},"BSoumrHLJeK1cdKmJz5LOpKNRdvqTwNxZH4mVGDMj3IW":{"chainKey":{"counter":-1,"key":"zPvUe1FxgIOWneF7ELuDy52JNB0f/qdLH4Rt5oAiPIQ="},"chainType":1,"messageKeys":{}}}}},"version":"v1"}